company_id,company_name,company_type,homepage_url,github_owner_url,quarter_start,quarter_end,github_stars_start,github_stars_end,github_stars_growth_rate,github_stars_growth_percentile,github_stars_final_weight,github_contributors_start,github_contributors_end,github_contributors_growth_rate,github_contributors_growth_percentile,github_contributors_final_weight,npm_downloads_start,npm_downloads_end,npm_downloads_growth_rate,npm_downloads_growth_percentile,npm_downloads_final_weight,pypi_downloads_start,pypi_downloads_end,pypi_downloads_growth_rate,pypi_downloads_growth_percentile,pypi_downloads_final_weight,country,description,linkedin_url,logo_url
1717f71f-54c9-404a-ab78-2bc793358268,ValueCell.ai,predicted_company,valuecell.ai,https://github.com/ValueCell-ai,2025-10-01,2026-01-01,0.0,7777.0,76.77,99.97981836528758,0.6097210652464273,4.0,17.0,2.4,99.61227786752828,0.3902789347535728,,,,,,,,,,,,,,https://avatars.githubusercontent.com/u/234340495?v=4
15fecd18-c7d3-4745-8c7e-944c44d0d161,Openspec,company,https://openspec.dev,https://github.com/Fission-AI,2025-10-01,2026-01-01,176.0,14753.0,82.82386363636364,100.0,0.4282878199924073,3.0,19.0,2.8,99.78998384491116,0.2907483564792879,766.0,6753.0,7.815926892950392,85.84905660377359,0.2809638235283049,,,,,,,OpenSpec offers a framework that manages software specifications and tracks requirement changes for development workflows.,https://www.linkedin.com/company/openspecdev,https://images.crunchbase.com/image/upload/t_cb-default-original/2489ce06da844e779e0af9d04b1df45c
ef797b05-f62f-459b-a477-53cc1de502c9,RunAnywhere,company,https://www.runanywhere.ai,https://github.com/RunanywhereAI,2025-10-01,2026-01-01,42.0,3509.0,34.09,99.93945509586275,0.8845444165148484,2.0,6.0,0.2,89.7092084006462,0.1154555834851516,,,,,,,,,,,United States,"RunAnywhere enables on device AI deployment, intelligently routing LLM requests for faster, private, and cost-efficient performance.",,https://images.crunchbase.com/image/upload/t_cb-default-original/dbca9364dce6432cb20a449b4567ab97
30dbcfcb-2a56-443c-8f0a-76b7e16ce8c2,KeygraphHQ,company,https://keygraph.io,https://github.com/KeygraphHQ,2025-10-01,2026-01-01,0.0,3106.0,30.06,99.87891019172554,1.0,1.0,3.0,-0.4,,,,,,,,,,,,,,,,https://avatars.githubusercontent.com/u/182008209?v=4
1250dc4a-a7f9-40e2-8a3f-154699e8eb73,GitHub Store,company,https://www.github-store.org,https://github.com/OpenHub-Store,2025-10-01,2026-01-01,0.0,2735.0,26.35,99.85872855701312,1.0,,3.0,,,,,,,,,,,,,,," A free, open-source app store for GitHub releases — browse, discover, and install apps with one click. Powered by Kotlin for Android and Desktop",,https://avatars.githubusercontent.com/u/253768149?v=4
c34d2fff-91e7-487d-b1c0-52c8ddeec654,Kaiju Engine,company,https://kaijuengine.org,https://github.com/KaijuEngine,2025-10-01,2026-01-01,93.0,3956.0,38.56,99.95963673057516,0.6296507868097987,2.0,15.0,2.0,99.4507269789984,0.3703492131902013,,,,,,,,,,,United States,,,https://avatars.githubusercontent.com/u/151230009?v=4
fc0581e1-1e9b-42fc-814d-f02ea277500f,scanopy,company,https://scanopy.net,https://github.com/scanopy,2025-10-01,2026-01-01,0.0,3467.0,33.67,99.91927346115035,0.6697707241660354,1.0,12.0,1.4,99.06300484652664,0.3302292758339645,,,,,,,,,,,,,,https://avatars.githubusercontent.com/u/249509125?v=4
1919ecc5-3949-4626-aef7-3aad9032f5bb,Zensical,predicted_company,https://zensical.org,https://github.com/zensical,2025-10-01,2026-01-01,0.0,2302.0,22.02,99.81836528758828,1.0,,10.0,,,,,,,,,,,,,,,Adaptive systems for evolving ideas,,https://avatars.githubusercontent.com/u/152389683?v=4
5668080b-e360-4bf5-b3a6-e601753acde1,Vibium,potential_company,https://vibium.com,https://github.com/VibiumDev,2025-10-01,2026-01-01,76.0,2084.0,19.84,99.79818365287588,1.0,,2.0,,,,,,,,,,,,,,,The fastest way to automate a browser,,https://avatars.githubusercontent.com/u/249011745?v=4
c66ffc22-67a6-43b9-b8d0-d06df3ca166c,MemMachine,company,https://memmachine.ai,https://github.com/MemMachine,2025-10-01,2026-01-01,40.0,3238.0,31.38,99.89909182643795,0.5218748251638867,11.0,28.0,1.5454545454545454,99.22455573505654,0.421056197184243,,,,,,225.0,310.0,0.3777777777777777,37.878787878787875,0.0570689776518702,,MemMachine is the most accurate open-source memory for stateful AI agents and LLM applications.,https://www.linkedin.com/in/jingxie/,https://images.crunchbase.com/image/upload/t_cb-default-original/5544adabfdee451096b40ba7fac604bf
047eafd2-e6f6-4612-b336-788ff273e487,Kayba,predicted_company,Kayba.ai,https://github.com/kayba-ai,2025-10-01,2026-01-01,0.0,1644.0,15.44,99.77800201816348,1.0,,8.0,,,,,,,,,,,,,,,,,https://avatars.githubusercontent.com/u/238284021?v=4
c419f734-649d-4552-a874-61bcf8baabb9,Evermind,company,https://evermind.ai,https://github.com/EverMind-AI,2025-10-01,2026-01-01,4.0,1418.0,13.18,99.71745711402625,1.0,,4.0,,,,,,,,,,,,,,,"Evermind steps into that gap with an open memory layer that lets agents carry context, preferences, and history forward.",,https://images.crunchbase.com/image/upload/t_cb-default-original/404b49ffe966471099cdd9855e8c0700
1912a4e9-5a85-4086-ac77-35b0eaa8692d,Deepnote,company,https://www.deepnote.com,https://github.com/deepnote,2025-10-01,2026-01-01,0.0,2483.0,23.83,99.83854692230072,0.5197733968538983,3.0,13.0,1.6,99.30533117932148,0.2753126838688998,0.0,845.0,7.45,84.90566037735849,0.2049139192772018,,,,,,United States,"Deepnote is a collaborative data science notebook for teams that is shareable, Jupyter-compatible, and runs in the cloud.",https://www.linkedin.com/company/deepnote/,https://images.crunchbase.com/image/upload/t_cb-default-original/mskeswxmzvkxizuuqvmy
a3be88bd-5349-43fe-bd6b-5b8bbc38d66e,reconurge,company,https://flowsint.io,https://github.com/reconurge,2025-10-01,2026-01-01,0.0,1371.0,12.71,99.67709384460142,1.0,1.0,3.0,-0.4,,,,,,,,,,,,,,,,https://avatars.githubusercontent.com/u/182449807?v=4
0208b7d4-b550-4955-a274-4196b5467d6c,AutoMaker Org,potential_company,automaker.app,https://github.com/AutoMaker-Org,2025-10-01,2026-01-01,66.0,1262.0,11.62,99.6367305751766,1.0,,23.0,,,,,,,,,,,,,,,,,https://avatars.githubusercontent.com/u/248931145?v=4
3360dcb4-957c-4ce0-8dda-6fc8e0642a78,Batrachian AI,company,https://www.batrachian.ai,https://github.com/batrachianai,2025-10-01,2026-01-01,0.0,1381.0,12.81,99.69727547931384,0.8833480244018441,1.0,6.0,0.2,89.7092084006462,0.1166519755981559,,,,,,,,,,,,Leap Forward in AI,,https://avatars.githubusercontent.com/u/248717333?v=4
aebee6f6-53bd-41e3-9014-676a52f37b81,Zapdos Labs,company,http://zapdoslabs.com,https://github.com/zapdos-labs,2025-10-01,2026-01-01,98.0,1167.0,10.67,99.59636730575176,1.0,,,,,,,,,,,,,,,,,Video Infrastructure for AI agents,,https://avatars.githubusercontent.com/u/216292774?v=4
b65c0835-8969-4cb2-8511-d53ee27fa202,Every Media,company,https://every.to,https://github.com/EveryInc,2025-10-01,2026-01-01,252.0,3912.0,14.523809523809524,99.75782038345106,0.6708931344911074,6.0,12.0,1.0,98.48142164781906,0.3291068655088924,0.0,0.0,-1.0,,,,,,,,United States,Every Media is a business newsletter that publishes analysis and comments from practitioners.,https://www.linkedin.com/company/everyinc/,https://images.crunchbase.com/image/upload/t_cb-default-original/pym5aei7yjwzn8t35dkw
027f276c-5ca6-436d-9b80-c1981995cdd1,PaperDebugger,company,https://www.paperdebugger.com,https://github.com/PaperDebugger,2025-10-01,2026-01-01,19.0,1219.0,11.19,99.61654894046418,0.8830433209700567,2.0,6.0,0.2,89.7092084006462,0.1169566790299434,,,,,,,,,,,,,,https://avatars.githubusercontent.com/u/182755445?v=4
fbf33e37-1edc-42fc-891b-fa1817a9b404,poetiq,predicted_company,https://poetiq.ai,https://github.com/poetiq-ai,2025-10-01,2026-01-01,0.0,1062.0,9.62,99.51564076690212,1.0,,3.0,,,,,,,,,,,,,,,,,https://avatars.githubusercontent.com/u/197990728?v=4
941ab48e-dded-4724-a2e1-f24d46e715bf,vlt,company,https://vlt.sh,https://github.com/vltpkg,2025-10-01,2026-01-01,665.0,702.0,0.0556390977443609,60.302724520686176,0.3113115929813151,12.0,12.0,0.0,30.37156704361874,0.0910055320470299,2209.0,1086166.0,490.7003168854685,100.0,0.597682874971655,,,,,,Canada,"vlt /vōlt/ is a new home for open source. Building a next-gen package manager, registry & more...",https://www.linkedin.com/company/vltpkg,https://images.crunchbase.com/image/upload/t_cb-default-original/ht1wjy4zzr19k1vc55zs
61f88c20-c390-44dd-b71b-b0f36e69621f,import.ai,company,https://www.omnibox.pro,https://github.com/import-ai,2025-10-01,2026-01-01,3.0,1035.0,9.35,99.4752774974773,1.0,3.0,3.0,-0.4,,,,,,,,,,,,,,from ai import *,,https://avatars.githubusercontent.com/u/173603324?v=4
1bc6876b-b51c-4a9a-a3de-0a7c20e1fb15,Bytez,company,https://bytez.com,https://github.com/Bytez-com,2025-10-01,2026-01-01,72.0,973.0,8.73,99.45509586276488,1.0,3.0,3.0,-0.4,,,,,,,,,,,,,United States,"Bridging AI research and deployment. 80k+ serverless models, 440k+ interactive papers. One unified API.",https://www.linkedin.com/company/bytez,https://images.crunchbase.com/image/upload/t_cb-default-original/ajtdpik98dul7yrlaz6e
5ff2ab47-0ecd-480d-acb4-14f994b9f406,Cavira,company,https://openmemory.cavira.app,https://github.com/CaviraOSS,2025-10-01,2026-01-01,244.0,3659.0,13.995901639344265,99.73763874873865,0.4842415126599592,2.0,26.0,4.2,100.0,0.384957370718023,0.0,493.0,3.93,79.24528301886792,0.1308011166220178,,,,,,United States,Building unbeatable OSS tools for the community,,https://avatars.githubusercontent.com/u/214697751?v=4
903678c8-e8e0-4bf5-b426-bb2fae25cf6a,Wisent AI,company,https://www.wisent.ai,https://github.com/wisent-ai,2025-10-01,2026-01-01,321.0,331.0,0.0311526479750778,44.43995963673058,0.1792567075971301,7.0,8.0,0.1428571428571428,84.52342487883683,0.1791504884188141,,,,,,2.0,25999.0,258.99,100.0,0.6415928039840557,United States,wisent unlocks the true potential of ai by identifying and editing internal structures inside the ai brain.,linkedin.com/company/wisentai,https://cdn-avatars.huggingface.co/v1/production/uploads/64d29df0d0d019f45e9a58db/kho-5M-QdzQwduR-s8uMD.png
1199b0a2-b655-4b2a-a4cd-9775909af0ab,iiSU,predicted_company,https://iisu.network,https://github.com/iisu-network,2025-10-01,2026-01-01,1.0,928.0,8.28,99.41473259334006,1.0,1.0,3.0,-0.4,,,,,,,,,,,,,,,,https://avatars.githubusercontent.com/u/235037752?v=4
d2b8d308-b264-441f-aaca-22cdda56e4b1,Dembrandt,company,dembrandt.com,https://github.com/dembrandt,2025-10-01,2026-01-01,0.0,1096.0,9.96,99.55600403632694,0.8158214091145551,,2.0,,,,0.0,424.0,3.24,75.47169811320755,0.1841785908854449,,,,,,,Extract Design Systems Instantly,,https://avatars.githubusercontent.com/u/247836031?v=4
54065e64-bf71-4735-8084-293a2459e715,VoidAuth,potential_company,https://voidauth.app,https://github.com/voidauth,2025-10-01,2026-01-01,175.0,1523.0,7.702857142857143,99.39455095862763,0.9844722510306794,1.0,5.0,0.0,30.37156704361874,0.0155277489693205,,,,,,,,,,,,,,https://avatars.githubusercontent.com/u/216334756?v=4
7a286663-c993-4a66-a0d5-06661c2648bc,MorpheApp,company,https://morphe.software,https://github.com/MorpheApp,2025-10-01,2026-01-01,0.0,848.0,7.48,99.36427850655905,1.0,,7.0,,,,,,,,,,,,,,,,,https://avatars.githubusercontent.com/u/246280111?v=4
444eca48-dc18-4617-b110-dc42908e7708,YUZUHub,company,https://yuzuhub.com/en,https://github.com/YUZU-Hub,2025-10-01,2026-01-01,0.0,848.0,7.48,99.36427850655905,1.0,,6.0,,,,,,,,,,,,,,Germany,,,https://avatars.githubusercontent.com/u/187566139?v=4
9d35f830-466e-4404-a700-77a8246f3375,AgentFront,predicted_company,https://agentfront.dev,https://github.com/agentfront,2025-10-01,2026-01-01,0.0,129.0,0.29,89.35418768920283,0.113069857535665,,3.0,,,,0.0,25768.0,256.68,99.05660377358492,0.8869301424643349,,,,,,,,,https://avatars.githubusercontent.com/u/240770336?v=4
50c7c3fa-ff5f-490c-8f7b-60ea6e35f818,Photon,company,https://photon.codes,https://github.com/photon-hq,2025-10-01,2026-01-01,1.0,1047.0,9.47,99.49545913218972,0.7451052109742797,,5.0,,,,0.0,622.0,5.22,82.0754716981132,0.2548947890257203,,,,,,United States,Rethinking Everything.,,https://avatars.githubusercontent.com/u/230767697?v=4
7838fac1-ea14-4ad3-89d2-62447c2d6175,TONL,potential_company,https://tonl.dev,https://github.com/tonl-dev,2025-10-01,2026-01-01,0.0,794.0,6.94,99.25327951564076,0.9996995755729584,,5.0,,,,0.0,102.0,0.02,2.8301886792452833,0.0003004244270416,,,,,,Estonia,Token-Optimized Notation Language,,https://avatars.githubusercontent.com/u/244153031?v=4
18260b52-98ac-4008-bbcd-abc7cd04580a,Earendil,predicted_company,https://earendil.com/,https://github.com/earendil-works,2025-10-01,2026-01-01,0.0,831.0,7.31,99.3340060544904,0.9466507169626726,,8.0,,,,0.0,194.0,0.94,49.056603773584904,0.0533492830373274,,,,,,Austria,Bearer of Light,,https://avatars.githubusercontent.com/u/207902832?v=4
9bc50afe-d2ec-4a98-8907-d5f09e06a282,Gausian,company,https://gausian.xyz,https://github.com/gausian-AI,2025-10-01,2026-01-01,160.0,1264.0,6.9,99.23309788092836,1.0,1.0,1.0,-0.8,,,,,,,,,,,,,,,,https://avatars.githubusercontent.com/u/241996575?v=4
e67fda4b-ceaa-4d51-abe8-9d93cf7571ad,Liquid AI,company,http://liquid.ai,https://github.com/Liquid4All,2025-10-01,2026-01-01,0.0,785.0,6.85,99.19273461150352,1.0,,2.0,,,,,,,,,,,,,,United States,Build efficient general-purpose AI at every scale.,https://www.linkedin.com/company/liquid-ai-inc,https://images.crunchbase.com/image/upload/t_cb-default-original/bumecizobghyygvt8van
b45f3d57-fa4d-4d59-a576-d89959238998,openagents-org,company,https://openagents.org,https://github.com/openagents-org,2025-10-01,2026-01-01,0.0,1369.0,12.69,99.656912209889,0.5005745203735226,4.0,11.0,1.2,98.8529886914378,0.2291878455597448,,,,,,41.0,1134.0,10.34,92.42424242424242,0.2702376340667326,,,,https://avatars.githubusercontent.com/u/225290400?v=4
c339994b-0b5e-42f2-b5ee-9c0ef954b901,Bubble Lab,company,https://bubblelab.ai,https://github.com/bubblelabai,2025-10-01,2026-01-01,13.0,951.0,8.51,99.43491422805248,0.7716355640346554,,14.0,,,,0.0,507.0,4.07,80.18867924528303,0.2283644359653446,,,,,,,"Bubble Lab offers an AI platform that converts natural language into TypeScript workflows with logging, APIs, and exportable code.",https://www.linkedin.com/company/bubblelab-ai,https://images.crunchbase.com/image/upload/t_cb-default-original/5baf6efea8964f158bc9441b0b1a1923
0836fecc-ec19-4ffa-b23d-45ceff9ecbe0,kurrier.org,company,https://www.kurrier.org,https://github.com/kurrier-org,2025-10-01,2026-01-01,0.0,757.0,6.57,99.17255297679112,1.0,1.0,1.0,-0.8,,,,,,,,,,,,,,,,https://avatars.githubusercontent.com/u/230104464?v=4
d4f60a8c-2108-4aee-9873-379517821a73,DeepMyst,company,https://www.deepmyst.com,https://github.com/DeepMyst,2025-10-01,2026-01-01,0.0,750.0,6.5,99.14228052472252,1.0,,4.0,,,,,,,,,,,,,,,,,https://avatars.githubusercontent.com/u/182802080?v=4
28cba71f-2d05-4397-95ac-1e3a70609ad8,Qualifire,company,https://qualifire.ai,https://github.com/qualifire-dev,2025-10-01,2026-01-01,1.0,744.0,6.44,99.1120080726539,1.0,2.0,4.0,-0.2,,,,,,,,,,,,,Israel,Qualifire is a real-time safeguards and evaluations platform for LLM-based applications,https://www.linkedin.com/company/qualifire-ai/posts/?feedView=all,https://images.crunchbase.com/image/upload/t_cb-default-original/988699c34dd34711b6c4ad0a8942cba0
40a92f3d-fe98-41f6-b487-a4263c82d049,manaflow-ai,company,https://cmux.dev,https://github.com/manaflow-ai,2025-10-01,2026-01-01,57.0,719.0,6.19,99.07164480322906,1.0,2.0,3.0,-0.4,,,,,,,,,,,,,,,,https://avatars.githubusercontent.com/u/171392238?v=4
e0b6c36e-6b0c-46e1-a4d4-5a36470ba7c8,Automaze,company,https://automaze.io,https://github.com/automazeio,2025-10-01,2026-01-01,7.0,709.0,6.09,99.05146316851663,1.0,,,,,,,,,,,,,,,,United Kingdom,Technical Co‑Founder & CTO as a Service,https://www.linkedin.com/company/automazeio,https://images.crunchbase.com/image/upload/t_cb-default-original/mwdqn7a46b7n2o2lgutt
5fccc6a4-9a1f-45cf-824d-131d3912fc14,TheStage AI,company,https://www.thestage.ai,https://github.com/TheStageAI,2025-10-01,2026-01-01,127.0,894.0,6.039370078740157,99.03128153380425,0.9834183919952232,3.0,5.0,0.0,30.37156704361874,0.0165816080047767,,,,,,,,,,,Switzerland,A full-stack AI platform,https://www.linkedin.com/company/thestageai,https://images.crunchbase.com/image/upload/t_cb-default-original/562323e75d25473195a29da89f8576f3
380c584c-d19f-48c7-ace7-3c05d6e4da86,Nomad,predicted_company,https://nomad.foo,https://github.com/nomad,2025-10-01,2026-01-01,0.0,691.0,5.91,99.01109989909185,1.0,1.0,2.0,-0.6,,,,,,,,,,,,,,,,https://avatars.githubusercontent.com/u/132522026?v=4
88725922-b240-4fc1-89c0-830e9435b813,42futures,predicted_company,https://42futures.com,https://github.com/42futures,2025-10-01,2026-01-01,0.0,688.0,5.88,98.99091826437942,1.0,,2.0,,,,,,,,,,,,,,Denmark,"practical software r&d that de-risks high-stakes technical decisions in 8 weeks. 

i help companies validate critical technology bets - ai integration, build-vs-buy decisions, architecture choices -through structured research and working prototypes, not powerpoints. 

you get a production-ready foundation, actionable knowledge of what works and why, and a validated roadmap your team can build on with confidence.",linkedin.com/company/42futures,https://avatars.githubusercontent.com/u/64900505?v=4
ff65c79d-96cf-4471-88fe-f5110a0d4ada,Swarm AI,company,https://www.swarms.ai,https://github.com/The-Swarm-Corporation,2025-10-01,2026-01-01,137.0,935.0,5.824817518248175,98.9505549949546,1.0,1.0,1.0,-0.8,,,,,,,,8.0,45.0,-0.55,,,United States,"Enables scalable, collaborative multi-agent AI for enterprise solutions",,https://images.crunchbase.com/image/upload/t_cb-default-original/67aeef5efebb4dc688009fc094c63194
de18d3f6-f036-40ce-acde-e4c9f421818d,OpenWorkflow,predicted_company,https://openworkflow.dev,https://github.com/openworkflowdev,2025-10-01,2026-01-01,8.0,673.0,5.73,98.93037336024216,1.0,,7.0,,,,0.0,26.0,-0.74,,,,,,,,,,,https://avatars.githubusercontent.com/u/240193139?v=4
395f6772-a289-4acb-83f5-06ef4818d4eb,Journiv,predicted_company,www.journiv.com,https://github.com/journiv,2025-10-01,2026-01-01,0.0,672.0,5.72,98.91019172552976,1.0,,5.0,,,,,,,,,,,,,,United States,Self hosted private journal and mood tracking app,,https://avatars.githubusercontent.com/u/239063952?v=4
586ff94f-973d-40fc-a839-b49121676439,Piebald,company,https://piebald.ai,https://github.com/Piebald-AI,2025-10-01,2026-01-01,343.0,3754.0,9.944606413994167,99.53582240161452,0.4813185337028946,8.0,25.0,2.125,99.51534733441034,0.3760279418483278,303.0,841.0,1.7755775577557755,65.09433962264151,0.1426535244487776,,,,,,United States,The ultimate agentic AI control experience for developers.,,https://avatars.githubusercontent.com/u/216247589?v=4
14a6bbbd-4384-4656-bb01-6de71e6a57d6,patchmon.net,predicted_company,https://patchmon.net,https://github.com/PatchMon,2025-10-01,2026-01-01,205.0,1672.0,7.15609756097561,99.313824419778,0.6862948751484901,4.0,11.0,1.2,98.8529886914378,0.3137051248515099,,,,,,,,,,,United Kingdom,Linux Patch Monitoring Automation Platform,,https://avatars.githubusercontent.com/u/170360133?u=8dd08ffbf3cb12639269fd8b56fa1c69e2cd983d&v=4
8fd25bd8-e4da-4be5-a8cb-65549f8a19c1,flowsurface-rs,company,https://flowsurface.com,https://github.com/flowsurface-rs,2025-10-01,2026-01-01,152.0,1041.0,5.848684210526316,98.970736629667,0.8812239879101479,3.0,6.0,0.2,89.7092084006462,0.1187760120898521,,,,,,,,,,,,,,https://avatars.githubusercontent.com/u/235447981?v=4
69d5d6eb-f344-48d6-a95c-3bb443512e6c,Unistack,company,https://docs.uniwind.dev,https://github.com/uni-stack,2025-10-01,2026-01-01,0.0,1101.0,10.01,99.57618567103935,0.4598306406490325,2.0,9.0,0.8,98.07754442649434,0.1643985653422986,515.0,15850.0,29.776699029126213,95.28301886792453,0.3757707940086687,,,,,,Poland,,,https://avatars.githubusercontent.com/u/223273232?v=4
cbf76d8c-1a64-4da2-9150-daab225935a2,vuepont,company,http://elevenlabs-ui-vue.com,https://github.com/vuepont,2025-10-01,2026-01-01,18.0,750.0,6.5,99.14228052472252,0.5616095418143372,1.0,19.0,2.8,99.78998384491116,0.4383904581856628,,,,,,,,,,,,Bridging the gap between Vue and React ecosytem,,https://avatars.githubusercontent.com/u/241883587?v=4
c27fd13f-6f84-49e7-8925-93df0e085ddd,Pipelex,company,https://www.pipelex.com,https://github.com/Pipelex,2025-10-01,2026-01-01,86.0,594.0,4.94,98.76892028254288,0.980745467671691,4.0,5.0,0.0,30.37156704361874,0.019254532328309,,,,,,191.0,43.0,-0.774869109947644,,,France,Open-source language for knowledge pipelines,https://www.linkedin.com/company/pipelex/,https://images.crunchbase.com/image/upload/t_cb-default-original/91b66262f01e47ce93345a7bf7a4fda2
1d81ddf0-33ff-4ac0-beaf-57e7ad0c20b5,getmydia,company,http://www.mydia.dev,https://github.com/getmydia,2025-10-01,2026-01-01,96.0,584.0,4.84,98.72855701311806,1.0,,3.0,,,,,,,,,,,,,,,,,https://avatars.githubusercontent.com/u/242267549?v=4
bb1fc07b-c5f0-4feb-a61d-7d64518b0cb2,Davia,company,http://davia.ai,https://github.com/davialabs,2025-10-01,2026-01-01,581.0,3361.0,4.784853700516351,98.70837537840563,1.0,,6.0,,,,1.0,67.0,-0.33,,,,,,,,France,"davia is an ai-powered end-to-end platform, purpose-built to enhance efficiency in legal due diligence procedures.",linkedin.com/company/davia-ai,https://avatars.githubusercontent.com/u/149537608?v=4
6cd95ad3-5688-4849-83dc-42cbeb5e6f72,Datus-ai,predicted_company,datus.ai,https://github.com/Datus-ai,2025-10-01,2026-01-01,0.0,786.0,6.86,99.21291624621594,0.6709155824606956,8.0,11.0,0.375,95.04038772213246,0.3290844175393044,,,,,,141.0,45.0,-0.6808510638297872,,,,The Future of Data Engineering: Autonomous Agents for Data Analysis,,https://avatars.githubusercontent.com/u/204355053?v=4
8997ca82-3516-434f-8743-665f3147444b,Mixedbread,company,https://www.mixedbread.com,https://github.com/mixedbread-ai,2025-10-01,2026-01-01,341.0,2732.0,7.011730205278592,99.2734611503532,0.5849781388995015,5.0,11.0,1.2,98.8529886914378,0.2666359494133541,0.0,471.0,3.71,78.30188679245283,0.1483859116871444,,,,,,Germany,Mixedbread AI is an AI platform that provides open-source in-house embedding and reranking models.,https://www.linkedin.com/company/mixedbread-ai,https://images.crunchbase.com/image/upload/t_cb-default-original/qnknmtd5m2h4gxzjax5r
8a69625b-fe16-49d0-8dbf-cf693b606362,Platform Engineering Labs,company,https://platform.engineering,https://github.com/platform-engineering-labs,2025-10-01,2026-01-01,44.0,640.0,5.4,98.86982845610494,0.7895399211610247,2.0,7.0,0.4,95.54119547657513,0.2104600788389752,,,,,,,,,,,United States,We help your infrastructure move at the speed of software development by eliminating human error and unnecessary work.,https://www.linkedin.com/company/platform-engineering-labs/,https://images.crunchbase.com/image/upload/t_cb-default-original/049121f5fff34f418bba602808932aab
1471b2c4-6d50-4bf0-aa51-3d99fa2cdcb6,awesome-claude,potential_company,https://awesomeclaude.ai,https://github.com/webfuse-com,2025-10-01,2026-01-01,105.0,632.0,5.019047619047619,98.80928355196772,0.8617334414616109,2.0,6.0,0.2,89.7092084006462,0.1382665585383891,,,,,,,,,,,,A curated list of awesome things related to Anthropic Claude,,https://avatars.githubusercontent.com/u/204474669?v=4
27847571-8cfd-4d9c-be82-fda7a3102b5d,Alpic,company,https://alpic.ai,https://github.com/alpic-ai,2025-10-01,2026-01-01,49.0,420.0,3.2,98.38546922300706,0.3187776834230461,5.0,14.0,1.8,99.35379644588043,0.2695599481209855,3.0,21381.0,212.81,98.1132075471698,0.4116623684559684,,,,,,France,Alpic is a all-in-one cloud platform provides the infrastructure and tools to turn product into an AI-native experience.,https://www.linkedin.com/company/alpic-ai,https://images.crunchbase.com/image/upload/t_cb-default-original/e64db8e12f614bacbd052a1f885af011
ea4691d5-dbd4-4825-9e22-e65804d1a85f,aiflowy,company,https://aiflowy.tech,https://github.com/aiflowy,2025-10-01,2026-01-01,0.0,736.0,6.36,99.09182643794148,0.6742672621044804,13.0,14.0,0.0769230769230769,74.18416801292406,0.3257327378955196,,,,,,,,,,,,,,https://avatars.githubusercontent.com/u/204962184?v=4
a766671a-2a81-45bf-857a-274a87ece379,Lifeforge,company,https://docs.lifeforge.dev,https://github.com/Lifeforge-app,2025-10-01,2026-01-01,66.0,610.0,5.1,98.84964682139254,0.7861896416071437,4.0,7.0,0.4,95.54119547657513,0.2138103583928564,,,,,,,,,,,,A self-hosted solution to streamline and organize all aspects of your life.,,https://avatars.githubusercontent.com/u/185266713?v=4
22f6533e-dece-4819-9535-01e937191c5e,AgentToolkit,company,https://altk.ai,https://github.com/AgentToolkit,2025-10-01,2026-01-01,4.0,101.0,0.01,21.231079717457114,0.0002819389884886,,8.0,,,,,,,,,142.0,11538.0,80.25352112676056,98.48484848484848,0.9997180610115114,,,,https://avatars.githubusercontent.com/u/231742966?v=4
b1c3b902-0fa0-413c-9d68-f8f0058ecae1,Skald,company,https://useskald.com,https://github.com/skaldlabs,2025-10-01,2026-01-01,0.0,502.0,4.02,98.58728557013116,1.0,,10.0,,,,0.0,16.0,-0.84,,,,,,,,,,,https://avatars.githubusercontent.com/u/192159633?v=4
e1a71ce1-0632-4e77-9a2d-f0bc5eb503e8,LimiX,predicted_company,https://www.limix.ai,https://github.com/limix-ldm-ai,2025-10-01,2026-01-01,453.0,2271.0,4.013245033112582,98.56710393541876,1.0,4.0,4.0,-0.2,,,,,,,,,,,,,,LimiX: Unleashing Structured-Data Modeling Capability for Generalist Intelligence https://arxiv.org/abs/2509.03505,,https://avatars.githubusercontent.com/u/228632773?u=c2875a4aac5111f2f8e6ca04443fd04f585959f7&v=4
124c48dd-ffab-4740-a4f0-4970b0dfda3b,Rclone UI,predicted_company,https://rcloneui.com,https://github.com/rclone-ui,2025-10-01,2026-01-01,264.0,1527.0,4.784090909090909,98.68819374369323,0.8179674712697365,4.0,7.0,0.4,95.54119547657513,0.1820325287302635,0.0,4.0,-0.96,,,,,,,,,,,https://avatars.githubusercontent.com/u/200495165?v=4
eed4cf64-2ed0-444f-8305-f235f72bb757,Agentset,predicted_company,https://agentset.ai,https://github.com/agentset-ai,2025-10-01,2026-01-01,297.0,1743.0,4.8686868686868685,98.74873864783046,0.7741721073686355,4.0,6.0,0.2,89.7092084006462,0.1027034399180812,310.0,535.0,0.7258064516129032,42.45283018867924,0.1231244527132832,,,,,,,,,https://avatars.githubusercontent.com/u/200139246?v=4
05cd4c7c-f5f3-4842-b109-28a0d7e3552e,Cisco AI Defense,predicted_company,https://developer.cisco.com/docs/ai-defense/introduction/,https://github.com/cisco-ai-defense,2025-10-01,2026-01-01,6.0,805.0,7.05,99.2936427850656,0.4667463079836237,2.0,11.0,1.2,98.8529886914378,0.2357948713307581,,,,,,15.0,1221.0,11.21,93.93939393939394,0.2974588206856179,,Open Source projects for the Cisco AI Defense community,,https://avatars.githubusercontent.com/u/220944709?v=4
e3df802c-7eb9-4b0d-a9c5-5d2ec9f715a7,Llama Farm,company,https://llamafarm.dev,https://github.com/llama-farm,2025-10-01,2026-01-01,119.0,707.0,4.9411764705882355,98.7891019172553,0.717950331093228,7.0,9.0,0.2857142857142857,93.34410339256866,0.282049668906772,,,,,,,,,,,United States,"Local models, agents, and databases delivered anywhere.",,https://cdn-avatars.huggingface.co/v1/production/uploads/68781da9fa40ee6db62ba41d/uAfjdwu-xBn9y9YDYTgva.png
233e30c9-a9ca-4c12-bb95-a8c17c3f79f7,kandinskylab,company,https://kandinskylab.ai,https://github.com/kandinskylab,2025-10-01,2026-01-01,71.0,655.0,5.55,98.89001009081736,0.5886426237063013,9.0,15.0,0.6666666666666666,97.5767366720517,0.4113573762936987,,,,,,,,,,,,,,https://avatars.githubusercontent.com/u/242813463?v=4
3d37b905-5e4d-4017-a768-4cbc328b2292,Tempo,investor_firm,https://tempo.xyz,https://github.com/tempoxyz,2025-10-01,2026-01-01,5.0,608.0,5.08,98.82946518668012,0.4672321303329087,15.0,46.0,2.066666666666667,99.48303715670436,0.5327678696670913,,,,,,,,,,,United States,Tempo is a Layer-1 blockchain specifically designed for payments incubated by Stripe and Paradigm.,https://www.linkedin.com/company/tempo,https://images.crunchbase.com/image/upload/t_cb-default-original/d2dd56357e754c24a8fa83cb7b81eb49
7ca377d6-f977-4245-bdec-740412d8d21a,Noctalia,potential_company,https://noctalia.dev,https://github.com/noctalia-dev,2025-10-01,2026-01-01,497.0,2255.0,3.5372233400402413,98.50655903128154,1.0,,,,,,,,,,,,,,,,,,,https://avatars.githubusercontent.com/u/226512811?v=4
30bd13ae-2dc9-494a-b7a4-5871bbbdb87f,InboxWhiz,company,https://www.inboxwhiz.net,https://github.com/InboxWhiz,2025-10-01,2026-01-01,101.0,451.0,3.4653465346534653,98.48637739656913,1.0,3.0,3.0,-0.4,,,,,,,,,,,,,,,,https://avatars.githubusercontent.com/u/209576897?v=4
8b97300c-de81-49c7-ba26-eedd2496fa01,itshover,company,https://itshover.com,https://github.com/itshover,2025-10-01,2026-01-01,0.0,441.0,3.41,98.46619576185672,1.0,,4.0,,,,,,,,,,,,,,,,,https://avatars.githubusercontent.com/u/251727837?v=4
7391c7ba-a600-4e64-9269-79073d2556e2,Marmot Data,company,https://marmotdata.io,https://github.com/marmotdata,2025-10-01,2026-01-01,18.0,435.0,3.35,98.4460141271443,1.0,4.0,4.0,-0.2,,,,,,,,,,,,,,,,https://avatars.githubusercontent.com/u/192260407?v=4
1f942d0e-d645-4b5a-a292-7c0798e329c4,Notifuse,company,https://www.notifuse.com,https://github.com/Notifuse,2025-10-01,2026-01-01,379.0,1604.0,3.232189973614776,98.40565085771948,1.0,1.0,3.0,-0.4,,,,,,,,,,,,,France,Open-source & modern emailing platform for newsletters and transactional API.,,https://images.crunchbase.com/image/upload/t_cb-default-original/r0tvkewfcr9zoyesrdid
4ec573e3-506f-4f78-9087-269b928d95e7,maze-agent,company,https://mazeagent.net,https://github.com/maze-agent,2025-10-01,2026-01-01,9.0,428.0,3.28,98.42583249243188,0.9771268900092308,2.0,5.0,0.0,30.37156704361874,0.0228731099907691,,,,,,,,,,,,,,https://avatars.githubusercontent.com/u/247278661?v=4
5c4c1700-f06c-49b4-8818-95480976e231,davis7,company,https://davis7.sh,https://github.com/davis7dotsh,2025-10-01,2026-01-01,2.0,528.0,4.28,98.627648839556,0.6813559380965328,1.0,9.0,0.8,98.07754442649434,0.3186440619034671,,,,,,,,,,,United States,Tech built by Ben Davis,,https://avatars.githubusercontent.com/u/248631419?v=4
b1d3addf-f3cd-4c71-84b9-0b07bf52c05b,OpenMixerProject - OpenX32 and more!,company,https://discourse.openmixerproject.de,https://github.com/OpenMixerProject,2025-10-01,2026-01-01,104.0,434.0,3.173076923076923,98.32492431886983,0.9773454951095146,4.0,5.0,0.0,30.37156704361874,0.0226545048904853,,,,,,,,,,,Germany,The Home of OpenX32 - Linux for the Behringer X32 Audio-Mixing-Console and more!,,https://avatars.githubusercontent.com/u/227220222?v=4
ba07b371-6664-44a7-9b1c-5b8fb17a70b9,Fulcrum Research,company,https://fulcrumresearch.ai,https://github.com/fulcrumresearch,2025-10-01,2026-01-01,7.0,458.0,3.58,98.52674066599396,0.8416636263286189,1.0,6.0,0.2,89.7092084006462,0.158336373671381,,,,,,,,,,,United States,Fulcrum Research provides tooling to identify ML evaluations and environments.,https://www.linkedin.com/company/fulcrum-research-ai/about/,https://images.crunchbase.com/image/upload/t_cb-default-original/4989a3949f4541aa966a3ea18a53d140
6d5f5ece-67b1-459e-bb95-2732359cf040,diVine,predicted_company,https://divine.video,https://github.com/divinevideo,2025-10-01,2026-01-01,1.0,195.0,0.95,95.5196770938446,0.2967245718504999,1.0,23.0,3.6,99.93537964458804,0.7032754281495002,,,,,,,,,,,,6-second social videos without AI slop,,https://avatars.githubusercontent.com/u/244841795?v=4
e9d01664-f9ac-4552-b87b-f77621a5600b,모두의AI,predicted_company,https://mo.ai.kr,https://github.com/modu-ai,2025-10-01,2026-01-01,15.0,400.0,3.0,98.2441977800202,1.0,,,,,,,,,,,,,,,,,모두의AI Github 저장소,,https://avatars.githubusercontent.com/u/176569285?v=4
a766d9aa-91c7-4c23-936c-c2fa8ef70d18,HYVOR,company,https://hyvor.com,https://github.com/hyvor,2025-10-01,2026-01-01,15.0,402.0,3.02,98.2643794147326,0.9762291664771198,3.0,5.0,0.0,30.37156704361874,0.0237708335228802,,,,,,,,,,,France,HYVOR develops privacy-first tools for websites that are designed for small blogs and large enterprises.,https://www.linkedin.com/company/hyvor,https://images.crunchbase.com/image/upload/t_cb-default-original/pzedu4wwq7qrxi4av93h
20fa83fc-fbe9-4dde-ab2a-a73e51592900,ShotgunCLI,predicted_company,https://shotgun.sh,https://github.com/shotgun-sh,2025-10-01,2026-01-01,121.0,466.0,2.8512396694214877,98.18365287588294,1.0,3.0,4.0,-0.2,,,,,,,,,,,,,,,,https://avatars.githubusercontent.com/u/174024802?v=4
35326be0-80f2-4977-bba3-bde1184f6542,NineNineSix,company,https://www.nineninesix.ai,https://github.com/nineninesix-ai,2025-10-01,2026-01-01,94.0,378.0,2.78,98.16347124117053,1.0,2.0,3.0,-0.4,,,,,,,,,,,,,United States,,,https://cdn-avatars.huggingface.co/v1/production/uploads/64fab67bd268b2f1ad8a826b/dyd_ELjZt3WIyBfT1-HF2.png
15841b20-3d04-49f4-b507-0231af3766fe,AlphaGPU,company,https://leetgpu.com,https://github.com/AlphaGPU,2025-10-01,2026-01-01,85.0,563.0,4.63,98.64783047426842,0.5609023099260653,13.0,17.0,0.3076923076923077,93.78029079159936,0.4390976900739348,,,,,,,,,,,,We're democratizing access to hardware-accelerated programming.,,https://avatars.githubusercontent.com/u/192274292?v=4
23382d27-54f7-43a7-a6f0-7e3dec0de130,PasarGuard,potential_company,https://docs.pasarguard.org/,https://github.com/PasarGuard,2025-10-01,2026-01-01,159.0,904.0,4.685534591194968,98.66801210898085,0.5739962130938953,59.0,63.0,0.0677966101694915,72.50403877221324,0.4260037869061047,,,,,,,,,,,,,,https://avatars.githubusercontent.com/u/229519663?v=4
ed9cc86e-1aa3-4867-b90b-2b1fb816715a,Jellyfin2Samsung,company,https://jellyfin2samsung.madebypatrick.nl,https://github.com/Jellyfin2Samsung,2025-10-01,2026-01-01,174.0,653.0,2.7528735632183907,98.1029263370333,0.9813356672992,1.0,5.0,0.0,30.37156704361874,0.0186643327008,,,,,,,,,,,Netherlands,Jellyfin 2 Samsung,,https://avatars.githubusercontent.com/u/253723308?v=4
2ff5ad6b-cc5b-40a2-9df4-fcdd31896531,Action State Labs,company,actionstatelabs.com,https://github.com/Action-State-Labs,2025-10-01,2026-01-01,263.0,961.0,2.653992395437262,98.0827447023209,1.0,,1.0,,,,,,,,,,,,,,United States,Action State Lab,,https://avatars.githubusercontent.com/u/250631353?v=4
7867d966-fc62-4246-8d7b-e0eba10ddb10,Samui,company,https://samui.build,https://github.com/samui-build,2025-10-01,2026-01-01,19.0,153.0,0.53,93.19878910191726,0.2274012500464392,2.0,20.0,3.0,99.85460420032312,0.7725987499535606,,,,,,,,,,,,Open Source Solana wallet and toolbox for builders,,https://avatars.githubusercontent.com/u/187598270?v=4
803e7338-afa2-4365-9166-39988efcf8c9,Avenge Media LLC,company,https://danklinux.com,https://github.com/AvengeMedia,2025-10-01,2026-01-01,807.0,3040.0,2.7670384138785624,98.14328960645813,0.5032304116997898,30.0,98.0,2.2666666666666666,99.5799676898223,0.4967695883002103,,,,,,,,,,,,Software and business solutions.,,https://avatars.githubusercontent.com/u/12240850?v=4
b50a28f7-0bb9-4e05-988e-d03228469a92,Project CodeGuard,predicted_company,https://project-codeguard.org,https://github.com/project-codeguard,2025-10-01,2026-01-01,47.0,354.0,2.54,98.02219979818364,1.0,,8.0,,,,,,,,,,,,,,United States,CodeGuard is an AI model-agnostic security framework and ruleset that embeds secure-by-default practices into AI coding workflows (generation and review).,,https://avatars.githubusercontent.com/u/237600812?v=4
c435d97b-560f-4235-a22e-35f4bb60c1eb,Core Devices LLC,company,https://repebble.com,https://github.com/coredevices,2025-10-01,2026-01-01,276.0,1454.0,4.268115942028985,98.6074672048436,0.5230979681664906,31.0,47.0,0.5161290322580645,96.93053311793214,0.4769020318335094,,,,,,,,,,,United States,Core Devices produces PebbleOS-powered smartwatches with e-paper displays and long battery life.,,
bcf756ee-eb5e-4db8-bde5-88cd8f14f882,Cyberpandino,potential_company,https://cyberpandino.com,https://github.com/cyberpandino,2025-10-01,2026-01-01,0.0,346.0,2.46,98.00201816347123,1.0,,6.0,,,,,,,,,,,,,,Italy,,,https://avatars.githubusercontent.com/u/208287471?v=4
a31a2992-0254-49a2-bcb4-30b9461031b9,Merit Systems,company,https://www.merit.systems,https://github.com/Merit-Systems,2025-10-01,2026-01-01,493.0,777.0,0.5760649087221096,93.4611503531786,0.482598684352885,8.0,39.0,3.875,99.96768982229402,0.517401315647115,0.0,0.0,-1.0,,,,,,,,United States,Merit Systems aims to solve the ''attribution problem'' in software development.,https://www.linkedin.com/company/meritsystems,https://images.crunchbase.com/image/upload/t_cb-default-original/df48d3b4a7bd497a8af05c527a316ba0
dde3b2b7-514d-4d80-9e4c-bdcad5f7909b,FufuLauncher,company,https://www.philia093.xyz,https://github.com/FufuLauncher,2025-10-01,2026-01-01,25.0,341.0,2.41,97.97174571140262,1.0,,6.0,,,,,,,,,,,,,,,"About A third-party launcher for Genshin Impact that supports game injection, automatic check-in, and some useful small features.",,https://avatars.githubusercontent.com/u/262667278?v=4
5983223f-8d54-4173-9453-323b64736ba7,Go CNN,potential_company,gocnn.org,https://github.com/gocnn,2025-10-01,2026-01-01,17.0,337.0,2.37,97.94147325933402,1.0,1.0,4.0,-0.2,,,,,,,,,,,,,,"Neural efficiency in Go, intelligence in learning.",,https://avatars.githubusercontent.com/u/233256547?v=4
1f3d18c6-db3a-46f2-a6a8-50bec84773b2,WORM,potential_company,https://worm.cx,https://github.com/worm-privacy,2025-10-01,2026-01-01,55.0,341.0,2.41,97.97174571140262,0.9735061928621148,5.0,5.0,0.0,30.37156704361874,0.0264938071378852,,,,,,,,,,,,A Scarce Cryptoasset Rooted in Private ETH Destruction - Privacy is wormal!,,https://avatars.githubusercontent.com/u/214732382?v=4
8ef3b997-03b7-4efd-9a7e-7d158043d0e2,gtkx-org,company,https://gtkx.dev,https://github.com/gtkx-org,2025-10-01,2026-01-01,0.0,106.0,0.06,62.694248234106965,0.0172044663896671,,2.0,,,,0.0,7524.0,74.24,97.16981132075472,0.9827955336103328,,,,,,,,,https://avatars.githubusercontent.com/u/257659249?v=4
af3fc4f0-126d-4bf3-b404-6da1736eeaec,Hyperflask,company,https://hyperflask.dev,https://github.com/hyperflask,2025-10-01,2026-01-01,0.0,330.0,2.3,97.9011099899092,1.0,1.0,1.0,-0.8,,,,,,,,28.0,27.0,-0.73,,,,Python web stack,,https://avatars.githubusercontent.com/u/157199987?v=4
1bd85c72-f65c-43b2-a1e5-3e6ddec1b852,Taskosaur,company,https://taskosaur.com,https://github.com/Taskosaur,2025-10-01,2026-01-01,5.0,333.0,2.33,97.9212916246216,0.9730388914937116,2.0,5.0,0.0,30.37156704361874,0.0269611085062883,,,,,,,,,,,,,,https://avatars.githubusercontent.com/u/223320602?v=4
25dcfff8-8580-466a-a8ec-82b8aa0fb0ac,Flowglad,company,https://www.flowglad.com,https://github.com/flowglad,2025-10-01,2026-01-01,395.0,1595.0,3.037974683544304,98.284561049445,0.4491519239813141,6.0,21.0,2.5,99.64458804523424,0.3270485675371713,1869.0,5274.0,1.8218298555377208,66.98113207547169,0.2237995084815146,,,,,,United States,Flowglad provides an open-source platform for building product payments and billing systems.,https://www.linkedin.com/company/flowglad,https://images.crunchbase.com/image/upload/t_cb-default-original/d7bf529b937242a0bc6dab3b726ebe3a
0bc49cea-4ef6-4448-92d7-9dc70c701963,bagofwords1,company,https://bagofwords.com,https://github.com/bagofwords1,2025-10-01,2026-01-01,58.0,325.0,2.25,97.88092835519676,1.0,2.0,3.0,-0.4,,,,,,,,,,,,,,,,https://avatars.githubusercontent.com/u/191444416?v=4
2a829492-a6bc-4fd0-909a-5ca9eb831e94,Inkeep,company,https://docs.inkeep.com,https://github.com/inkeep,2025-10-01,2026-01-01,197.0,823.0,3.1776649746192893,98.34510595358223,0.6902826749011173,12.0,13.0,0.0833333333333333,75.31502423263328,0.3097173250988827,6969.0,719.0,-0.8968288133161142,,,,,,,,United States,AI Agents in code or no code,linkedin.com/company/inkeep,https://avatars.githubusercontent.com/u/123133689?v=4
8aa08bfb-f4b3-4718-9f21-f418a8aa1b4a,Emdash,company,https://www.emdash.sh,https://github.com/generalaction,2025-10-01,2026-01-01,317.0,892.0,1.8138801261829651,97.49747729566096,0.5788360846670793,5.0,18.0,2.6,99.6930533117932,0.4211639153329207,,,,,,,,,,,United States,Emdash offers an open-source desktop environment that runs multiple coding agents in parallel for software workflows.,https://www.linkedin.com/company/emdash-sh,https://images.crunchbase.com/image/upload/t_cb-default-original/7fbb60b3e9684e78a562cb49f67c8a9e
cb807a19-020e-4218-9fa4-b384af35d0ae,RackulaLives,company,https://count.racku.la,https://github.com/RackulaLives,2025-10-01,2026-01-01,116.0,370.0,2.189655172413793,97.86074672048436,1.0,,3.0,,,,,,,,,,,,,,Canada,,,https://avatars.githubusercontent.com/u/251512138?v=4
0e91dc15-281c-4b7d-bc84-1c79428b06c3,Rackarr,company,https://rackarr.com,https://github.com/Rackarr,2025-10-01,2026-01-01,9.0,318.0,2.18,97.84056508577194,1.0,,1.0,,,,,,,,,,,,,,,Get your shit together.,,https://avatars.githubusercontent.com/u/249542040?v=4
4da250f5-a926-4d61-9ab6-b7b543d3dfd7,Open Device Partnership,predicted_company,https://opendevicepartnership.org/,https://github.com/OpenDevicePartnership,2025-10-01,2026-01-01,7.0,499.0,3.99,98.54692230070636,0.5046394950418447,19.0,24.0,0.2631578947368421,92.76252019386106,0.4953605049581552,,,,,,,,,,,United States,"An alliance of industry-leading PC ecosystem partners promoting secure, reusable, and trusted system software for client devices",,https://avatars.githubusercontent.com/u/173854189?v=4
bddb999c-7c96-4c0f-8e03-326adc384ebf,clawdbot,company,https://clawdbot.com,https://github.com/openclaw,2025-10-01,2026-01-01,0.0,307.0,2.07,97.79011099899093,1.0,,24.0,,,,0.0,0.0,-1.0,,,,,,,,,"Your personal, open source AI assistant.",,https://avatars.githubusercontent.com/u/252820863?v=4
f348e5c5-483f-4efe-a52c-d4085522bd18,RunMaestro.ai,company,https://runmaestro.ai,https://github.com/RunMaestro,2025-10-01,2026-01-01,0.0,303.0,2.03,97.71947527749748,1.0,,7.0,,,,,,,,,,,,,,,Maestro is a cross-platform desktop app for conducting your fleet of AI agents and projects. ,,https://avatars.githubusercontent.com/u/259239772?v=4
bc4c026c-9036-455e-8cd8-517e762b545c,TetherIA,company,https://tetheria.ai,https://github.com/TetherIA,2025-10-01,2026-01-01,0.0,301.0,2.01,97.69929364278508,1.0,,4.0,,,,,,,,,,,,,,United States,TetherIA develops high-dexterity robotic hand using AI-driven control algorithms.,https://www.linkedin.com/company/tetheria/,https://images.crunchbase.com/image/upload/t_cb-default-original/ddc5f0ac719648229218f3bb361581ab
78982744-3b02-4eb8-8b5f-6f5eccbf446b,Project N.E.K.O.,potential_company,project-neko.cn,https://github.com/Project-N-E-K-O,2025-10-01,2026-01-01,223.0,507.0,1.2735426008968609,96.34712411705348,0.5198529443301821,5.0,18.0,2.6,99.6930533117932,0.4801470556698178,,,,,,,,,,,,,,https://avatars.githubusercontent.com/u/243765713?v=4
f9c278c5-a188-4992-bba1-6ff4ffe530c7,Momentum,company,https://themomentum.ai,https://github.com/the-momentum,2025-10-01,2026-01-01,47.0,364.0,2.64,98.04238143289606,0.6313940644372612,4.0,9.0,0.8,98.07754442649434,0.3686059355627389,,,,,,,,,,,Poland,Momentum: Transforming Healthcare Through Technology,https://www.linkedin.com/company/the-momentum-ai/,https://images.crunchbase.com/image/upload/t_cb-default-original/a5aaf86f0f5e4e8d824021e461ff6137
aa8da2be-6ac4-4b63-9102-fc92b7b8a352,InsForge,company,https://insforge.dev,https://github.com/InsForge,2025-10-01,2026-01-01,564.0,974.0,0.7269503546099291,94.55095862764884,0.4570063686398284,8.0,36.0,3.5,99.90306946688207,0.4396950986887124,924.0,1454.0,0.5735930735930735,36.79245283018868,0.1032985326714591,,,,,,United States,InsForge is an AI native backend platform.,linkedin.com/company/insforge,https://images.crunchbase.com/image/upload/t_cb-default-original/1987bacd15214e30813781baa755bc1e
20698f29-2782-4e2b-b128-b346bf70f406,KellerLab,company,https://homeracker.org,https://github.com/kellerlabs,2025-10-01,2026-01-01,37.0,298.0,1.98,97.65893037336023,1.0,1.0,4.0,-0.2,,,,,,,,,,,,,Austria,3D Printing - Coding - All Things Tech,,https://avatars.githubusercontent.com/u/243567219?v=4
1980e281-ae48-43d5-bd6a-cfc8a38f0dd6,CoreSpeed,company,https://corespeed.io,https://github.com/corespeed-io,2025-10-01,2026-01-01,0.0,389.0,2.89,98.22401614530776,0.6154606272897134,7.0,10.0,0.4285714285714285,96.10662358642972,0.3845393727102866,,,,,,,,,,,United States,"CoreSpeed provides a platform for building, launching, and earning from AI agents.",https://www.linkedin.com/company/corespeed-inc/,https://images.crunchbase.com/image/upload/t_cb-default-original/1d17db46b3834dd1b4f58dec707a373a
08ebc190-5c03-49e9-b983-be68fef7ab07,CloudPirates.io,predicted_company,https://www.cloudpirates.io,https://github.com/CloudPirates-io,2025-10-01,2026-01-01,160.0,366.0,1.2875,96.3673057517659,0.3828078274217033,24.0,77.0,2.2083333333333335,99.54765751211632,0.6171921725782966,,,,,,,,,,,Germany,,,https://avatars.githubusercontent.com/u/130040816?v=4
144a8dc6-e553-44a8-97af-4cb534c0d898,OpenMind,company,https://openmind.org,https://github.com/OpenMind,2025-10-01,2026-01-01,599.0,2322.0,2.8764607679465777,98.20383451059536,0.5213934794349,24.0,45.0,0.875,98.31987075928916,0.4786065205650999,,,,,,,,,,,United States,OpenMind is a software company that develops an operating system for robots and intelligent machines.,https://www.linkedin.com/company/openmindagi/,https://images.crunchbase.com/image/upload/t_cb-default-original/b8b0b8f5739c4ad0bc50bdffe713a6e6
d382421d-ff2b-488c-bd81-92aede39b590,lokus ai,company,https://lokusmd.com,https://github.com/lokus-ai,2025-10-01,2026-01-01,172.0,516.0,2.0,97.67911200807264,0.9792280601535872,1.0,5.0,0.0,30.37156704361874,0.0207719398464129,,,,,,,,,,,United States,,,https://avatars.githubusercontent.com/u/220629216?v=4
5366f41f-e24f-4a1e-a6ca-fc4cbb4bf916,Flixorui,company,https://flixor.xyz,https://github.com/Flixorui,2025-10-01,2026-01-01,43.0,294.0,1.94,97.63874873864783,1.0,,1.0,,,,,,,,,,,,,,,,,https://avatars.githubusercontent.com/u/193319373?v=4
cb8beb0f-1feb-49fc-bc9c-0173ba345fdb,Dexmal,predicted_company,https://dexmal.com,https://github.com/dexmal,2025-10-01,2026-01-01,111.0,326.0,1.936936936936937,97.61856710393542,1.0,,3.0,,,,,,,,,,,,,,,"Build Intelligent, Useful and Trustworthy Robots to Make Our Life Better.",,https://avatars.githubusercontent.com/u/253836772?v=4
e891e723-ca74-4ff6-9ce1-8d3e3a5890e1,Amical,company,https://www.amical.ai,https://github.com/amicalhq,2025-10-01,2026-01-01,77.0,293.0,1.93,97.5882946518668,1.0,3.0,3.0,-0.4,,,,,,,,,,,,,Canada,Open Source Speech-to-Text App powered by Gen AI,,https://cdn-avatars.huggingface.co/v1/production/uploads/6878a5e53345eed07fb3ba93/QfLGuOEB9S-ORoG4ru2HE.png
d1543667-123e-4c05-b791-bc69930bc6a8,TalkCody,company,https://talkcody.com,https://github.com/talkcody,2025-10-01,2026-01-01,0.0,293.0,1.93,97.5882946518668,1.0,,3.0,,,,,,,,,,,,,,,"TalkCody - Code is cheap, show me your talk.  🚀 Free Open Source AI Coding Agent.",,https://avatars.githubusercontent.com/u/242639766?v=4
025f33f0-8f24-4a3d-bcaf-ec40f73fd566,InferenceMAX,company,https://inferencemax.ai,https://github.com/SemiAnalysisAI,2025-10-01,2026-01-01,1.0,405.0,3.05,98.30474268415742,0.471795177225167,12.0,22.0,0.8333333333333334,98.17447495961228,0.528204822774833,,,,,,,,,,,United States,Open Source Projects By SemiAnalysis in collaboration with the community. InferenceX™ & soon Assembly ISA level microbenchmarking,,https://cdn-avatars.huggingface.co/v1/production/uploads/618f9bd9433f9728e2fce78e/lP9Pw7pjwJsRxx4GEcdZH.webp
d2da393a-9a8b-4daf-991a-0617ef508a63,puppyone,company,https://www.deepwideresearch.com,https://github.com/puppyone-ai,2025-10-01,2026-01-01,1.0,292.0,1.92,97.5580221997982,1.0,1.0,1.0,-0.8,,,,,,,,,,,,,,Making the world friendly for AI agents,,https://avatars.githubusercontent.com/u/143623203?v=4
e6250ba1-25d0-4273-9760-f791ed852515,withoutBG API,company,https://withoutbg.com,https://github.com/withoutbg,2025-10-01,2026-01-01,190.0,694.0,2.652631578947368,98.06256306760848,0.6955281854289237,1.0,2.0,-0.6,,,,,,,,38.0,507.0,4.07,83.33333333333334,0.3044718145710764,Germany,Image Background Removal Toolkit,,https://cdn-avatars.huggingface.co/v1/production/uploads/68892e5d8751f26ca5640f69/zBoWceAYtAC1ohSHZK9Nh.png
47ba873f-69de-4cfe-9bb9-5587a4c85513,is-a-software,company,https://is-a.software,https://github.com/is-a-software,2025-10-01,2026-01-01,16.0,418.0,3.18,98.36528758829463,0.4861628273622155,13.0,21.0,0.6153846153846154,97.4151857835218,0.5138371726377845,,,,,,,,,,,,"Free ""is-a.software"" domain for developers",,https://avatars.githubusercontent.com/u/226835644?v=4
c8e04703-2803-43e0-8b5c-793e88d2401b,ShadcnStore,company,https://shadcnstore.com,https://github.com/shadcnstore,2025-10-01,2026-01-01,90.0,287.0,1.87,97.51765893037336,1.0,2.0,2.0,-0.6,,,,,,,,,,,,,,"A growing ecosystem of open source and premium shadcn UI blocks, templates, Figma Design System and Figma Tools built to help you ship faster.",,https://avatars.githubusercontent.com/u/262278695?v=4
ea002356-b34d-4c84-a006-39237599e8c2,Authgear,company,https://www.authgear.com,https://github.com/authgear,2025-10-01,2026-01-01,290.0,1089.0,2.7551724137931033,98.12310797174572,0.6504275986659025,24.0,25.0,0.0416666666666666,66.31663974151859,0.3495724013340975,,,,,,,,,,,,Authgear is a highly customizable authentication solution.,https://www.linkedin.com/company/authgear/,https://images.crunchbase.com/image/upload/t_cb-default-original/10dbe95bf4664929928fda10c6bce7a1
0afd9131-2d96-411b-ac43-12f4b64c1f84,Nano Collective,predicted_company,https://nanocollective.org,https://github.com/Nano-Collective,2025-10-01,2026-01-01,511.0,1100.0,1.152641878669276,96.10494450050454,0.4500205866983734,7.0,28.0,3.0,99.85460420032312,0.3857807731723705,0.0,623.0,5.23,83.01886792452831,0.164198640129256,,,,,,,"We're a collective building open-source AI. Our goal is to create powerful, privacy-first tools, developed by the community for the community.",,https://avatars.githubusercontent.com/u/232375933?v=4
e4e1db96-79e2-4294-8cec-664089246368,OpenWhispr,company,https://openwhispr.com,https://github.com/OpenWhispr,2025-10-01,2026-01-01,246.0,685.0,1.7845528455284554,97.47729566094854,0.981551202391704,4.0,5.0,0.0,30.37156704361874,0.0184487976082958,,,,,,,,,,,United States,OpenWispr provides an AI voice dictation tool that converts speech to text locally while maintaining user privacy.,,https://images.crunchbase.com/image/upload/t_cb-default-original/260b17205f584bfc96e12c1dff6675f3
cddf9449-9c8e-441c-ac5c-eac2aaebcf96,agentjido,company,https://agentjido.xyz,https://github.com/agentjido,2025-10-01,2026-01-01,701.0,1071.0,0.5278174037089871,93.15842583249244,0.5004461718709561,12.0,45.0,2.75,99.74151857835218,0.499553828129044,,,,,,,,,,,,,,https://avatars.githubusercontent.com/u/191822461?v=4
45944247-a15a-4d14-a294-fa0a60d2dc0b,Intugle,predicted_company,https://intugle.ai,https://github.com/Intugle,2025-10-01,2026-01-01,12.0,143.0,0.43,92.19979818365287,0.1837462635962509,8.0,23.0,1.875,99.38610662358644,0.816253736403749,,,,,,,,,,,United States,Intugle,,https://avatars.githubusercontent.com/u/219225325?v=4
ccf413a0-02c9-46f2-816f-c880f816508c,OpsiMate,company,https://www.opsimate.com,https://github.com/OpsiMate,2025-10-01,2026-01-01,105.0,192.0,0.8285714285714286,95.05549949545912,0.268248479079112,11.0,32.0,1.9090909090909092,99.4184168012924,0.731751520920888,,,,,,,,,,,,,,https://avatars.githubusercontent.com/u/217343843?v=4
f8322425-f9cc-41be-9af4-b5ff82261da3,Finsys,company,https://dockhand.pro,https://github.com/Finsys,2025-10-01,2026-01-01,1.0,269.0,1.69,97.37638748738648,1.0,,1.0,,,,,,,,,,,,,,Poland,,,https://avatars.githubusercontent.com/u/4663699?v=4
ed5eb769-cd33-40ce-bc51-765b65c48251,DataKit,company,https://datakit.page,https://github.com/Datakitpage,2025-10-01,2026-01-01,1.0,264.0,1.64,97.32593340060544,1.0,2.0,2.0,-0.6,,,,,,,,,,,,,,,,https://cdn-avatars.huggingface.co/v1/production/uploads/684429ab7d8e7e3e72e138bd/1pQ6tTBqJtsYXcYdQyB5i.png
a26055cf-2925-4ebf-b33c-61cce4e940ad,Todo For AI,company,https://todo4ai.org,https://github.com/todo-for-ai,2025-10-01,2026-01-01,305.0,801.0,1.6262295081967213,97.27547931382442,1.0,2.0,2.0,-0.6,,,,,,,,,,,,,,Agile development with AI 🚀—reinventing software engineering for the AI era. 🤖✨,,https://avatars.githubusercontent.com/u/223360974?v=4
1b18b747-6444-4491-8642-0653559b6b41,kizuna AI Labs,company,https://sokuji.kizuna.ai,https://github.com/kizuna-ai-lab,2025-10-01,2026-01-01,275.0,722.0,1.6254545454545457,97.255297679112,1.0,1.0,1.0,-0.8,,,,,,,,,,,,,,,,https://avatars.githubusercontent.com/u/180123399?v=4
2cc7156e-976b-4bce-86da-56b12279cb4f,Buoy,company,buoy.gg,https://github.com/Buoy-gg,2025-10-01,2026-01-01,234.0,614.0,1.623931623931624,97.2351160443996,1.0,,1.0,,,,,,,,,,,,,,United States,,,https://avatars.githubusercontent.com/u/249623048?v=4
ea0e92c7-4377-4278-bde9-5311b390b295,EloqData,predicted_company,www.eloqdata.com,https://github.com/eloqdata,2025-10-01,2026-01-01,631.0,1955.0,2.098256735340729,97.82038345105951,0.7693932257916144,79.0,79.0,0.0,30.37156704361874,0.2306067742083856,,,,,,,,,,,United States,"eloqdata is the developer of eloqdb, a family of revolutionary databases based on our ground-breaking data substrate technology. eloqdb is distributed, modular, scalable, elastic, high performance, and supports full acid transactions. as the most flexible and versatile database solution on the market, eloqdb can accommodate multiple data models with fully compatible industrial standard apis such as mysql, redis, and mongodb,  and can be deployed on-prem or on all major public clouds. 

today, ai applications store and retrieve data across a myriad of separate databases, causing data inconsistency while creating a complex data pipeline and a management nightmare. eloqdata unifies multi-data-model access into a seamless, one-stop solution while often delivering over 10x performance gains and cost savings compared with existing database solutions. eloqdb is the ideal data foundation for your applications in the new ai era.",linkedin.com/company/eloqdata,https://avatars.githubusercontent.com/u/173772865?v=4
d8fc23ad-65c4-483a-affa-aee955aed519,Zhu Lab,predicted_company,https://www.lrg.tum.de/sipeo,https://github.com/zhu-xlab,2025-10-01,2026-01-01,774.0,2368.0,2.059431524547803,97.7598385469223,0.7676124145500588,8.0,9.0,0.125,82.68174474959612,0.2323875854499412,,,,,,,,,,,Germany,Data Science in Earth Observation,,https://avatars.githubusercontent.com/u/69273984?v=4
874de547-9ae6-4ea4-8ff1-930546a1aa68,LLmHub.dev,company,https://www.llmhub.dev,https://github.com/coasty-ai,2025-10-01,2026-01-01,0.0,261.0,1.61,97.21493440968716,1.0,,1.0,,,,,,,,,,,,,,United States,LLM Auto-routers for maximizing performance and safety. Our auto-routing system dynamically selects the best LLM for every prompt.,https://www.linkedin.com/company/llmhub,https://images.crunchbase.com/image/upload/t_cb-default-original/392d4de9809d430b9e6787b8a277e7d0
d48e8101-fb5f-4676-bbff-dcc73cba8a72,Runtime Accelerated Rendering Infrastructure (Rari),company,https://rari.build,https://github.com/rari-build,2025-10-01,2026-01-01,262.0,680.0,1.5954198473282444,97.17457114026236,1.0,2.0,4.0,-0.2,,,,,,,,,,,,,,"The next-generation React framework. Rust-powered runtime, React Server Components, and ridiculously-fast development experience with Vite integration.",,https://avatars.githubusercontent.com/u/192761240?v=4
9b0ea4c5-ea6c-4f1f-a224-214defa3576e,Happ,predicted_company,https://happ.su,https://github.com/Happ-proxy,2025-10-01,2026-01-01,227.0,583.0,1.5682819383259912,97.15438950554996,1.0,3.0,4.0,-0.2,,,,,,,,,,,,,,New level of security by Xray,,https://avatars.githubusercontent.com/u/195639782?v=4
74d7e190-12fb-4ea2-9941-ce3cafe132bc,Eclaire Labs,predicted_company,https://eclaire.co,https://github.com/eclaire-labs,2025-10-01,2026-01-01,287.0,736.0,1.5644599303135889,97.13420787083754,1.0,1.0,1.0,-0.8,,,,,,,,,,,,,,Privacy-Focused AI,,https://avatars.githubusercontent.com/u/229872666?v=4
ee2b954b-f6a1-4211-a9b0-fdce55424d14,SparkUp,company,https://spark-up.framer.ai,https://github.com/PurpleAILAB,2025-10-01,2026-01-01,146.0,371.0,1.5410958904109588,97.09384460141273,1.0,1.0,1.0,-0.8,,,,,,,,,,,,,,Autonomous Red Teaming Multi-Agent,,https://cdn-avatars.huggingface.co/v1/production/uploads/68f9ebee37c6659b4606b6ab/6E1cI0FTorLbZQsKR3X2Z.png
f5510503-f881-485b-a7c3-1ae0121cc161,JSON Query,company,https://jsonquerylang.org,https://github.com/jsonquerylang,2025-10-01,2026-01-01,252.0,640.0,1.5396825396825398,97.0736629667003,1.0,1.0,1.0,-0.8,,,76814.0,33292.0,-0.5665894238029526,,,,,,,,,"A small, flexible, and expandable JSON query language.",,https://avatars.githubusercontent.com/u/180152533?v=4
47566e9d-08d8-4a9e-891c-2bd15d363db4,Maxim,company,https://www.getmaxim.ai,https://github.com/maximhq,2025-10-01,2026-01-01,596.0,1487.0,1.49496644295302,96.97275479313824,0.5474535357392304,11.0,27.0,1.4545454545454546,99.19224555735056,0.4525464642607695,,,,,,,,,,,United States,"Maxim is an enterprise-grade AI stack that enables modern AI teams to create high-quality, reliable, and speedy products.",https://www.linkedin.com/company/maxim-ai,https://images.crunchbase.com/image/upload/t_cb-default-original/c49deb0c8f7e45db819eab61aaa3e693
229e8862-b199-4cbf-835c-75d2be8e8c50,Ndole Studio,predicted_company,https://ndole.studio,https://github.com/NdoleStudio,2025-10-01,2026-01-01,541.0,1465.0,1.7079482439926064,97.39656912209888,0.8811021575676854,4.0,6.0,0.2,89.7092084006462,0.1188978424323146,,,,,,,,,,,,,,https://avatars.githubusercontent.com/u/13936519?v=4
a2504e13-e9b7-4d66-b84f-3d9e56699b4f,tractordev,company,https://wanix.sh,https://github.com/tractordev,2025-10-01,2026-01-01,623.0,1579.0,1.5345104333868378,97.0534813319879,1.0,4.0,4.0,-0.2,,,,,,,,,,,,,,,,https://avatars.githubusercontent.com/u/65003157?v=4
039cf303-7e2f-4578-92b1-1e5759b11a82,Guigui,company,https://guigui.io,https://github.com/guigui-gui,2025-10-01,2026-01-01,150.0,378.0,1.52,97.03329969727548,1.0,4.0,4.0,-0.2,,,,,,,,,,,,,,An immediate-mode-like GUI framework for Go,,https://avatars.githubusercontent.com/u/237759329?v=4
a31e4e4e-3b79-4689-a5e5-52ff0b7ced34,Basekick Labs,predicted_company,https://basekick.net,https://github.com/Basekick-Labs,2025-10-01,2026-01-01,177.0,446.0,1.5197740112994351,97.01311806256308,1.0,,2.0,,,,,,,,,,,,,,United States,"Basekick Labs builds open infrastructure tools for engineers who care about performance, simplicity, and data.  Arc is our flagship.",,https://avatars.githubusercontent.com/u/236404230?v=4
b9cb402d-2e16-47e5-9b1c-ab538a37cbb8,SAFE AGENTIC FRAMEWORK ,company,https://www.safemcp.org,https://github.com/safe-agentic-framework,2025-10-01,2026-01-01,91.0,241.0,1.41,96.75075681130171,0.3376153769118192,12.0,29.0,1.4166666666666667,99.1276252019386,0.6623846230881808,,,,,,,,,,,,Security Analysis Framework for Evaluation of  Agentic Systems,,https://avatars.githubusercontent.com/u/229537581?v=4
fcc8dc7b-3900-410e-b586-11820bf0ab4b,scribeocr,company,https://scribeocr.com,https://github.com/scribeocr,2025-10-01,2026-01-01,392.0,976.0,1.489795918367347,96.93239152371342,1.0,4.0,4.0,-0.2,,,5392.0,3749.0,-0.3047106824925816,,,,,,,,,,,https://avatars.githubusercontent.com/u/106446461?v=4
717ac166-0e5a-41cc-bd62-a7482f4a2117,Kolosal,company,https://www.kolosal.ai,https://github.com/KolosalAI,2025-10-01,2026-01-01,358.0,898.0,1.5083798882681565,96.99293642785064,0.983099218986555,1.0,5.0,0.0,30.37156704361874,0.016900781013445,,,,,,,,,,,United States,"Kolosal runs and manages large language models locally using a lightweight, open-source platform.",https://www.linkedin.com/company/kolosal-ai,https://images.crunchbase.com/image/upload/t_cb-default-original/04a871d8e5bd48e7b3d298fbfe4a5dd5
5fa3ee61-d6fc-4b88-a02a-12db96cd57b7,Vicharak,company,https://vicharak.in,https://github.com/vicharak-in,2025-10-01,2026-01-01,4.0,264.0,1.64,97.32593340060544,0.5024186112761808,2.0,11.0,1.2,98.8529886914378,0.4975813887238191,,,,,,,,,,,,"Von neumann architecture is outdated, Introducing reconfigurable parallel computing.",,https://cdn-avatars.huggingface.co/v1/production/uploads/67664a6e5b8743ed060a07f8/PcDFaeGzctmV9BhT9K9oG.png
8d9584d5-bdc7-487e-bbea-1001c69034d8,Vemetric,predicted_company,https://vemetric.com,https://github.com/vemetric,2025-10-01,2026-01-01,175.0,485.0,1.7714285714285714,97.43693239152373,0.5159460361807889,3.0,12.0,1.4,99.06300484652664,0.3583980422744222,564.0,878.0,0.5567375886524822,35.84905660377358,0.1256559215447889,,,,,,,"Simple, yet powerful Web & Product Analytics",,https://avatars.githubusercontent.com/u/150390516?v=4
77b65e5c-32f2-4c64-9971-307665cffc2a,Brown Fine Security,predicted_company,https://brownfinesecurity.com,https://github.com/BrownFineSecurity,2025-10-01,2026-01-01,184.0,451.0,1.451086956521739,96.83148335015136,1.0,,1.0,,,,,,,,,,,,,,,IoT Pentesting Services,,https://avatars.githubusercontent.com/u/175156966?v=4
579e1a89-84d2-48a1-937d-b8160fa96d2c,DryTrix,company,https://drytrix.com,https://github.com/DRYTRIX,2025-10-01,2026-01-01,209.0,510.0,1.440191387559809,96.81130171543894,1.0,1.0,1.0,-0.8,,,,,,,,,,,,,Belgium,,,https://avatars.githubusercontent.com/u/226909637?v=4
165becc1-a58e-4099-bb90-ef3c120454e5,Stakpak,company,https://stakpak.dev,https://github.com/stakpak,2025-10-01,2026-01-01,345.0,1054.0,2.055072463768116,97.7396569122099,0.6081154046022172,12.0,17.0,0.4166666666666667,95.96122778675284,0.3918845953977828,,,,,,,,,,,United States,"Stakpak is a DevOps IDE powered by AI, helps software developers build and maintain production-ready infrastructure.",https://www.linkedin.com/company/dvpzla,https://images.crunchbase.com/image/upload/t_cb-default-original/e372bf1363a14fcc91eeb6ce7b73581d
54c65176-1427-48c1-bc93-898983174ac2,Dyneteq Corporation,company,https://reconya.com,https://github.com/Dyneteq,2025-10-01,2026-01-01,465.0,1133.0,1.4365591397849462,96.79112008072651,1.0,3.0,3.0,-0.4,,,,,,,,,,,,,,,,https://avatars.githubusercontent.com/u/121095063?v=4
6a27ebb5-72d4-4570-bff1-54de13e3caf8,Disco,company,https://disco.cloud/docs,https://github.com/letsdiscodev,2025-10-01,2026-01-01,69.0,243.0,1.43,96.77093844601411,1.0,4.0,4.0,-0.2,,,,,,,,,,,,,,Disco is a full featured Open Source web deployment platform,,https://avatars.githubusercontent.com/u/155781201?v=4
36b27616-a0fa-4124-9224-9839ff0ae42b,Mosaico,company,https://mosaico.dev,https://github.com/mosaico-labs,2025-10-01,2026-01-01,183.0,450.0,1.459016393442623,96.85166498486376,0.977464586296898,2.0,5.0,0.0,30.37156704361874,0.0225354137031018,,,,,,,,,,,Italy,Pioneering Data Management for Physical AI and Robotics.,https://www.linkedin.com/company/mosaico-labs,https://images.crunchbase.com/image/upload/t_cb-default-original/b2d03c29ce634a0289c85aec3903de43
c2b133f9-c350-4ca0-8fd4-f4c18e0ee12a,Dodelidoo Labs,potential_company,https://dodelidoo.com,https://github.com/Dodelidoo-Labs,2025-10-01,2026-01-01,68.0,240.0,1.4,96.70030272452068,1.0,,1.0,,,,,,,,,,,,,,,,,https://avatars.githubusercontent.com/u/135490861?v=4
b4da07b9-dcd3-4dc2-b254-ef57e020d06c,rue-language,company,https://rue-lang.dev,https://github.com/rue-language,2025-10-01,2026-01-01,219.0,525.0,1.3972602739726028,96.64984863773964,1.0,,3.0,,,,,,,,,,,,,,,,,https://avatars.githubusercontent.com/u/250764928?v=4
7f8d304f-368b-474e-bced-c02a6bef2e09,Voidhash,predicted_company,https://voidhash.com,https://github.com/voidhashcom,2025-10-01,2026-01-01,40.0,175.0,0.75,94.76286579212916,0.2805140171330913,,1.0,,,,0.0,5236.0,51.36,96.22641509433964,0.7194859828669086,,,,,,,,,https://avatars.githubusercontent.com/u/128739932?v=4
0bbbd58d-eac3-4fe7-b686-d26bf1adb5b8,AgentField,predicted_company,www.agentfield.ai,https://github.com/Agent-Field,2025-10-01,2026-01-01,0.0,238.0,1.38,96.62966700302724,1.0,,7.0,,,,,,,,,,,,,,Canada,,,https://avatars.githubusercontent.com/u/204899035?v=4
fcb9d859-0888-435a-b1c6-750083bf27b3,inbound,company,https://inboundemail.com,https://github.com/inboundemail,2025-10-01,2026-01-01,93.0,265.0,1.65,97.35620585267408,0.8299760635473076,8.0,8.0,0.0,30.37156704361874,0.1651885247435809,0.0,115.0,0.15,9.433962264150944,0.0048354117091115,,,,,,United States,"inbound is the all in one toolkit to send, recieve and manage your emails",,https://avatars.githubusercontent.com/u/230610683?v=4
ba7e5f4a-5143-42aa-a7ab-5e262da2aced,Tusk,company,https://usetusk.ai,https://github.com/Use-Tusk,2025-10-01,2026-01-01,44.0,307.0,2.07,97.79011099899093,0.6510366894542645,4.0,5.0,0.0,30.37156704361874,0.0192095021415792,179.0,571.0,2.189944134078212,70.75471698113208,0.3297538084041563,,,,,,United States,AI testing platform for generating unit and integration tests,https://www.linkedin.com/company/usetusk,https://images.crunchbase.com/image/upload/t_cb-default-original/wvsko3tsho5ud1znklim
cee6ce4d-d051-43fb-9062-93b7ed36f6b2,A2W,predicted_company,a2w.io,https://github.com/a2wio,2025-10-01,2026-01-01,45.0,237.0,1.37,96.60948536831484,1.0,,1.0,,,,,,,,,,,,,,,A2W: Autonomous Twins,,https://avatars.githubusercontent.com/u/256061253?v=4
417a5c35-4ab4-4c9f-9d8e-25e8d53cfc3e,Guardian Nexus LLC,company,https://auditkit.io,https://github.com/guardian-nexus,2025-10-01,2026-01-01,61.0,236.0,1.36,96.56912209889002,1.0,1.0,3.0,-0.4,,,,,,,,,,,,,United States,,,https://avatars.githubusercontent.com/u/233198771?v=4
fad10424-b0bc-4d4e-b607-175b04ac2e2a,Theta Health,company,https://www.thetahealth.ai,https://github.com/thetahealth,2025-10-01,2026-01-01,1.0,235.0,1.35,96.5287588294652,1.0,,4.0,,,,,,,,,,,,,,United States,"Theta Health is a team of professional medical experts and AI specialists, dedicated to revolutionizing how people manage their health.",https://www.linkedin.com/company/theta-health-ai,https://images.crunchbase.com/image/upload/t_cb-default-original/6f014bfdcf934258a9dc37546b80adbb
c29a74cf-8e2b-40f9-a063-0496c909f1b5,True3D Labs,company,https://true3d.com,https://github.com/True3DLabs,2025-10-01,2026-01-01,137.0,321.0,1.3430656934306568,96.50857719475276,1.0,3.0,3.0,-0.4,,,,,,,,,,,,,United States,"True3D Labs provides 3D visualization for web and live streams, delivering real-time graphics, overlays, and interactive content.",https://www.linkedin.com/company/true3dlabs/,https://images.crunchbase.com/image/upload/t_cb-default-original/20e5e15fe23a423784b10ec26b9e089d
8de17ba2-8c39-489d-9307-8eb0e09bb642,getbindu.com,company,https://docs.getbindu.com,https://github.com/GetBindu,2025-10-01,2026-01-01,59.0,236.0,1.36,96.56912209889002,0.4721722551076809,3.0,11.0,1.2,98.8529886914378,0.5278277448923191,,,,,,65.0,32.0,-0.68,,,Netherlands,,,https://avatars.githubusercontent.com/u/234059020?v=4
1a972ca0-585f-4b2e-9419-f972aa75da87,Glide,potential_company,https://glide-browser.app,https://github.com/glide-browser,2025-10-01,2026-01-01,518.0,1155.0,1.2297297297297298,96.26639757820384,0.6585144998590301,2.0,12.0,1.4,99.06300484652664,0.3414855001409699,,,,,,,,,,,,An extensible and keyboard-focused web browser,,https://avatars.githubusercontent.com/u/194171129?v=4
d8dd1c93-e72f-4deb-bd16-cf5710cbfa8f,Preset,company,https://preset.io,https://github.com/preset-io,2025-10-01,2026-01-01,598.0,1437.0,1.403010033444816,96.73057517658933,0.5617251192229503,5.0,13.0,1.6,99.30533117932148,0.3090952426547024,0.0,36.0,-0.64,,,310673.0,376739.0,0.2126544630527918,22.727272727272727,0.1291796381223471,United States,Preset is a software-as-a-service company that offers a cloud-based open analytics data platform.,https://www.linkedin.com/company/preset-io,https://images.crunchbase.com/image/upload/t_cb-default-original/waipsihm1nwieoevumef
a918051b-bfc1-4943-991a-fb47e08b207f,Whisper Money,company,https://whisper.money,https://github.com/whisper-money,2025-10-01,2026-01-01,0.0,232.0,1.32,96.44803229061554,1.0,,1.0,,,,,,,,,,,,,,Spain,"Whisper Money offers a personal-finance app that tracks expenses, organizes budgets, and shows spending insights.",,https://images.crunchbase.com/image/upload/t_cb-default-original/c7bbee8db64942968775f0971607091e
7f614306-6cd8-4214-8faf-976fe70e4cff,Ito,company,https://www.ito.ai,https://github.com/heyito,2025-10-01,2026-01-01,210.0,548.0,1.6095238095238096,97.19475277497476,0.7906583923675303,6.0,7.0,0.1666666666666666,86.88206785137318,0.2093416076324696,,,,,,,,,,,,,,https://avatars.githubusercontent.com/u/212960713?v=4
beda8201-98ef-43aa-9569-76219bd7cac1,Athas Industries,predicted_company,https://athas.dev,https://github.com/athasdev,2025-10-01,2026-01-01,690.0,1821.0,1.6391304347826088,97.29566094853683,0.5290390172297009,20.0,37.0,0.85,98.22294022617125,0.470960982770299,,,,,,,,,,,,,,https://avatars.githubusercontent.com/u/217342284?v=4
ca1d95c2-db20-4b85-8b27-c70d4e1b6c95,KernelSU Modules Repository,potential_company,https://modules.kernelsu.org,https://github.com/KernelSU-Modules-Repo,2025-10-01,2026-01-01,39.0,231.0,1.31,96.41775983854691,1.0,,4.0,,,,,,,,,,,,,,,Official KernelSU Modules Repository,,https://avatars.githubusercontent.com/u/125189007?v=4
a763acc8-5cc8-4e15-ab46-8baeaedf7f52,Lemony.ai,company,https://cascadeflow.ai,https://github.com/lemony-ai,2025-10-01,2026-01-01,0.0,230.0,1.3,96.38748738647833,1.0,1.0,2.0,-0.6,,,,,,,,400.0,7.0,-0.9825,,,United States,Building the dev stack for AI cost optimization and transparency.,,https://avatars.githubusercontent.com/u/169823043?v=4
b9e8785c-8e62-4d01-b9a8-319458db351b,MCP Router,company,https://mcp-router.net,https://github.com/mcp-router,2025-10-01,2026-01-01,580.0,1427.0,1.460344827586207,96.8920282542886,0.8149403980922479,1.0,7.0,0.4,95.54119547657513,0.185059601907752,14.0,2.0,-0.98,,,,,,,,,Empowering Everyone to Use AI Agents with MCP,,https://avatars.githubusercontent.com/u/205488841?v=4
4b82941e-665d-45cd-bbac-b840a50d7a05,Hexinfo,predicted_company,http://www.hexinfo.cn/,https://github.com/hexinfo,2025-10-01,2026-01-01,79.0,226.0,1.26,96.32694248234108,1.0,2.0,4.0,-0.2,,,,,,,,,,,,,,,,https://avatars.githubusercontent.com/u/192606425?v=4
0d99c665-ba0e-4d3b-810f-b68b938318a3,bkhtmltopdf,company,https://bkhtmltopdf.com,https://github.com/bkhtmltopdf,2025-10-01,2026-01-01,20.0,223.0,1.23,96.28657921291624,1.0,,1.0,,,,,,,,,,,,,,,Convert HTML to PDF using Blink (Chromium),,https://avatars.githubusercontent.com/u/234860664?v=4
a99d2a6d-0ef1-4f88-840d-8edbbf890142,Pokee AI,company,https://pokee.ai,https://github.com/Pokee-AI,2025-10-01,2026-01-01,775.0,1727.0,1.2283870967741934,96.24621594349142,1.0,,2.0,,,,,,,,,,,,,,United States,"Pokee AI is an AI company that offers an interactive, personalized, and efficient AI agent that helps in planning, reasoning and tool usage.",https://www.linkedin.com/company/pokee-ai/,https://images.crunchbase.com/image/upload/t_cb-default-original/c5a2338a559d416eb82549d82ab55836
b9ab8f6e-da81-4f4f-a51d-5b506491b0f2,truffle-ai,company,https://docs.dexto.ai,https://github.com/truffle-ai,2025-10-01,2026-01-01,236.0,566.0,1.3983050847457628,96.67003027245208,0.8746938618672924,9.0,9.0,0.0,30.37156704361874,0.1253061381327075,,,,,,,,,,,United States,,,https://avatars.githubusercontent.com/u/186134211?v=4
c8007a3e-ef64-4926-bc55-286b789c26bf,Accretional,company,https://statue.dev,https://github.com/accretional,2025-10-01,2026-01-01,5.0,113.0,0.13,79.79818365287589,0.0884740625599011,2.0,11.0,1.2,98.8529886914378,0.9115259374400988,,,,,,,,,,,,,,https://avatars.githubusercontent.com/u/163517361?v=4
83198848-5cf6-45bc-a82d-a4b7f0f4cdad,UnboundTech Co,company,https://unboundtech.de,https://github.com/UnboundTechCo,2025-10-01,2026-01-01,50.0,256.0,1.56,97.11402623612511,0.6025088467407788,3.0,8.0,0.6,97.23747980613894,0.3974911532592212,,,,,,,,,,,Germany,"UnboundTech UG is a pioneering German technology company based in Berlin, dedicated to driving digital innovation worldwide.",,https://avatars.githubusercontent.com/u/205142505?v=4
780abef9-3639-4bff-8a16-0c9991ab25a8,The Pierre Computer Company,company,https://pierre.computer,https://github.com/pierrecomputer,2025-10-01,2026-01-01,0.0,225.0,1.25,96.30676084762864,0.9606764185720472,3.0,5.0,0.0,30.37156704361874,0.0393235814279526,,,,,,,,,,,,,,https://avatars.githubusercontent.com/u/249012497?v=4
aa446487-a97a-4b20-8ef4-afd5ca7d1f23,Bilinear Labs,company,www.bilinearlabs.io,https://github.com/bilinearlabs,2025-10-01,2026-01-01,2.0,220.0,1.2,96.2058526740666,1.0,1.0,3.0,-0.4,,,,,,,,,,,,,,,,https://avatars.githubusercontent.com/u/218291531?v=4
40742c77-ca46-462c-91bf-d30fec21bd20,Ingenimax,company,https://www.ingenimax.ai,https://github.com/Ingenimax,2025-10-01,2026-01-01,218.0,471.0,1.1605504587155964,96.14530776992936,0.5204677389109904,8.0,17.0,1.125,98.61066235864295,0.4795322610890096,,,,,,,,,,,United States,An AI platform engineering agent for next-gen ML/AI cloud-native applications,,https://images.crunchbase.com/image/upload/t_cb-default-original/43d178c46fd24fe8966cfe05114c7e73
8c8e3fd9-45d7-4ae3-9c00-d09ecbac5681,Qodex,company,https://qodex.ai,https://github.com/qodex-ai,2025-10-01,2026-01-01,1.0,218.0,1.18,96.16548940464178,1.0,,,,,,,,,,,,,,,,,Cutting-edge AI agent tooling for maximum continuous test coverage Loved by developers at startups to large enterprises,https://www.linkedin.com/company/qodexai/,https://images.crunchbase.com/image/upload/t_cb-default-original/752c7c68ae55433b8445165839990319
1e3684f3-28c2-40d5-9cb9-cf0c3388ee5d,Archestra.AI,company,https://www.archestra.ai,https://github.com/archestra-ai,2025-10-01,2026-01-01,47.0,278.0,1.78,97.45711402623613,0.3628352446106827,20.0,35.0,0.75,97.8513731825525,0.6371647553893173,,,,,,,,,,,United Kingdom,"Build powerful, safe, interconnected AI agents without the technical overhead.",https://www.linkedin.com/company/108592773/,https://images.crunchbase.com/image/upload/t_cb-default-original/655e408399b1472492d17171d2162fef
6fc007eb-5331-4a0c-9425-f5eef1635aa2,Docfork,company,https://docfork.com,https://github.com/docfork,2025-10-01,2026-01-01,152.0,353.0,1.3223684210526316,96.46821392532794,0.8849792792744622,1.0,1.0,-0.8,,,180.0,300.0,0.6666666666666666,39.62264150943396,0.1150207207255377,,,,,,,"@latest documentation to 9000+ libraries for LLMs and AI code editors, in a single tool call. ",,https://avatars.githubusercontent.com/u/212066381?v=4
5e1ce26e-27ae-43a5-a01f-aa6a5d7362db,ToroKernel,company,http://www.torokernel.io,https://github.com/torokernel,2025-10-01,2026-01-01,158.0,341.0,1.1582278481012658,96.12512613521696,1.0,1.0,1.0,-0.8,,,,,,,,,,,,,France,Leverage cloud infrastructure by using dedicated kernels ,linkedin.com/company/torokernel,https://avatars.githubusercontent.com/u/47355886?v=4
1c914896-a678-4e42-b526-c0b4c0bd04df,Artificial Analysis,company,https://artificialanalysis.ai,https://github.com/ArtificialAnalysis,2025-10-01,2026-01-01,93.0,215.0,1.15,96.07467204843591,1.0,,3.0,,,,,,,,,277.0,57.0,-0.7942238267148014,,,United States,"Artificial Analysis is an AI benchmarking company that provides model testing, performance analysis, and comparative leaderboards.",https://www.linkedin.com/company/artificial-analysis,https://images.crunchbase.com/image/upload/t_cb-default-original/54fab0da9ec54db490ffd93cf0b77fa4
707fd673-2e70-4423-ad99-c338c0dd4d42,LogForge,company,https://www.logforge.dev,https://github.com/log-forge,2025-10-01,2026-01-01,131.0,281.0,1.1450381679389312,96.0443995963673,1.0,2.0,2.0,-0.6,,,,,,,,,,,,,,,,https://avatars.githubusercontent.com/u/207944706?v=4
f9e03ee5-b7e7-4eca-8067-3e26d2582e21,Ecrin Digital,predicted_company,https://ecrin.digital,https://github.com/ecrindigital,2025-10-01,2026-01-01,0.0,290.0,1.9,97.53784056508576,0.5237759915900189,,1.0,,,,0.0,983.0,8.83,89.62264150943396,0.4762240084099812,,,,,,France,,,https://avatars.githubusercontent.com/u/198388069?v=4
