owner_id,owner_login,owner_name,owner_url,homepage_url,owner_description,owner_logo,quarter_start,quarter_end,github_stars_start,github_stars_end,github_stars_growth_rate,github_stars_growth_percentile,github_stars_final_weight,github_contributors_start,github_contributors_end,github_contributors_growth_rate,github_contributors_growth_percentile,github_contributors_final_weight,package_downloads_start,package_downloads_end,package_downloads_growth_rate,package_downloads_growth_percentile,package_downloads_final_weight
O_kgDOD8PtuA,paperclipai,Paperclip,https://github.com/paperclipai,https://paperclip.ing/,"The zero-human business building company - manage business goals, not pull requests",https://avatars.githubusercontent.com/u/264498616?v=4,2026-01-01,2026-04-01,0.0,47586.0,474.86,100.0,1.0,0.0,54.0,9.8,99.93870671161508,1.0,0.0,384503.0,383.503,99.98668619358274,1.0
O_kgDOD4bFfQ,gsd-build,GSD,https://github.com/gsd-build,https://gsd.build,,https://avatars.githubusercontent.com/u/260490621?v=4,2026-01-01,2026-04-01,225.0,52813.0,233.7244444444445,99.98608937576071,1.0,20.0,163.0,7.15,99.86209010113392,1.0,4699.0,439874.0,92.61012981485422,99.84023432299296,1.0
MDEyOk9yZ2FuaXphdGlvbjU0NDM1MzEz,lukilabs,Craft Docs,https://github.com/lukilabs,https://craft.do,,https://avatars.githubusercontent.com/u/54435313?v=4,2026-01-01,2026-04-01,0.0,7958.0,78.58,99.94783515910277,1.0,0.0,11.0,1.2,98.76647257125344,1.0,0.0,768071.0,767.071,100.0,1.0
O_kgDOD5sO9A,zeroclaw-labs,ZeroClaw Labs,https://github.com/zeroclaw-labs,www.zeroclawlabs.ai,Personal AI Private Assistant,https://avatars.githubusercontent.com/u/261820148?v=4,2026-01-01,2026-04-01,0.0,29271.0,291.71,99.99304468788036,1.0,0.0,201.0,39.2,99.99233833895188,1.0,465.0,1026.0,0.026,32.09958727200107,1.0
O_kgDOD6e7Sw,aden-hive,Aden,https://github.com/aden-hive,https://adenhq.com/,"Aden Hive is an open-source, Python-based framework designed for building production-grade, autonomous, and self-improving AI agents.",https://avatars.githubusercontent.com/u/262650699?v=4,2026-01-01,2026-04-01,0.0,10444.0,103.44,99.96870109546164,1.0,0.0,177.0,34.4,99.98467667790378,1.0,,,,,
O_kgDOD-i8Rg,CortexReach,CortexReach,https://github.com/CortexReach,,,https://avatars.githubusercontent.com/u/266910790?v=4,2026-01-01,2026-04-01,0.0,4182.0,40.82,99.89914797426536,1.0,0.0,44.0,7.8,99.8927367453264,1.0,0.0,22840.0,21.84,99.50738916256158,1.0
O_kgDOCjc87g,manaflow-ai,manaflow-ai,https://github.com/manaflow-ai,,,https://avatars.githubusercontent.com/u/171392238?v=4,2026-01-01,2026-04-01,724.0,13700.0,17.92265193370166,99.7113545470353,1.0,3.0,75.0,14.0,99.96169169475942,1.0,0.0,19397.0,18.397,99.45413393689256,1.0
O_kgDOD1vQ0w,DingTalk-Real-AI,DingTalk-Real-AI,https://github.com/DingTalk-Real-AI,,,https://avatars.githubusercontent.com/u/257675475?v=4,2026-01-01,2026-04-01,0.0,3654.0,35.54,99.87132672578684,1.0,0.0,18.0,2.6,99.467514557156,1.0,0.0,96299.0,95.299,99.8535481294102,1.0
O_kgDOD1Mvlg,npmx-dev,npmx,https://github.com/npmx-dev,https://npmx.dev,"A fast, modern browser for the npm registry",https://avatars.githubusercontent.com/u/257109910?v=4,2026-01-01,2026-04-01,0.0,3042.0,29.42,99.85393844548774,1.0,0.0,237.0,46.4,100.0,1.0,0.0,1304.0,0.304,85.47463719877513,1.0
O_kgDODvREoA,BlockRunAI,BlockRun.ai,https://github.com/BlockRunAI,https://blockrun.ai,"AI API with zero rate limits. 41+ models, pay-per-call with USDC. Powers 1M+ API calls/month.",https://avatars.githubusercontent.com/u/250889376?v=4,2026-01-01,2026-04-01,0.0,7472.0,73.72,99.93392453486352,1.0,0.0,12.0,1.4,98.9235366227398,1.0,0.0,55125.0,54.125,99.78697909732392,1.0
O_kgDODzQDSg,qwibitai,Qwibit.ai,https://github.com/qwibitai,https://www.qwibit.ai/,Building AI-native Infrastructure,https://avatars.githubusercontent.com/u/255066954?v=4,2026-01-01,2026-04-01,0.0,26851.0,267.51,99.98956703182054,1.0,0.0,52.0,9.4,99.9272142200429,1.0,,,,,
O_kgDOD5oOAA,pinchtab,Pinchtab,https://github.com/pinchtab,https://pinchtab.com,Browser control for AI agents. 12MB Go binary. HTTP API. Accessibility-first. 🦀,https://avatars.githubusercontent.com/u/261754368?v=4,2026-01-01,2026-04-01,0.0,8585.0,84.85,99.9547904712224,1.0,0.0,20.0,3.0,99.51731535396874,1.0,0.0,16244.0,15.244,99.2943682598855,1.0
O_kgDOD5KEXQ,PeonPing,PeonPing,https://github.com/PeonPing,peonping.com,,https://avatars.githubusercontent.com/u/261260381?v=4,2026-01-01,2026-04-01,0.0,4354.0,42.54,99.90610328638498,1.0,0.0,121.0,23.2,99.97701501685566,1.0,,,,,
O_kgDOD3vNtg,epiral,epiral,https://github.com/epiral,,Autonomous agents that operate real computers.,https://avatars.githubusercontent.com/u/259771830?v=4,2026-01-01,2026-04-01,0.0,5483.0,53.83,99.92349156668404,1.0,0.0,18.0,2.6,99.467514557156,1.0,0.0,18389.0,17.389,99.40087871122354,1.0
O_kgDODXulyA,RightNow-AI,RightNow,https://github.com/RightNow-AI,https://www.rightnowai.co/,GPU AI Code Editor,https://avatars.githubusercontent.com/u/226207176?v=4,2026-01-01,2026-04-01,0.0,18655.0,185.55,99.97913406364113,1.0,0.0,45.0,8.0,99.90422923689856,1.0,,,,,
MDEyOk9yZ2FuaXphdGlvbjg3NjQ1NTMw,open-mercato,Open Mercato,https://github.com/open-mercato,https://openmercato.com,,https://avatars.githubusercontent.com/u/87645530?v=4,2026-01-01,2026-04-01,205.0,1164.0,4.678048780487805,99.00886802295254,1.0,10.0,45.0,3.5,99.60925528654612,1.0,0.0,119244.0,118.244,99.86686193582746,1.0
O_kgDOD2SkHg,rtk-ai,rtk-ai,https://github.com/rtk-ai,https://www.rtk-ai.app,rtk tools to optimise your vibecoding,https://avatars.githubusercontent.com/u/258253854?v=4,2026-01-01,2026-04-01,0.0,17684.0,175.84,99.9756564075813,1.0,0.0,37.0,6.4,99.83144345694146,1.0,0.0,691.0,-0.309,,
O_kgDOD53rOw,nullclaw,NullClaw,https://github.com/nullclaw,,,https://avatars.githubusercontent.com/u/262007611?v=4,2026-01-01,2026-04-01,0.0,7057.0,69.57,99.93044687880368,1.0,0.0,64.0,11.8,99.9463683726632,1.0,,,,,
MDEyOk9yZ2FuaXphdGlvbjg1MTAxNzgx,millionco,"Million Software, Inc.",https://github.com/millionco,https://million.dev,,https://avatars.githubusercontent.com/u/85101781?v=4,2026-01-01,2026-04-01,0.0,9154.0,90.54,99.9582681272822,1.0,0.0,13.0,1.6,99.0959239963224,1.0,0.0,9356.0,8.356,98.68193316469178,1.0
O_kgDOCsv0dw,Martian-Engineering,martian engineering,https://github.com/Martian-Engineering,https://martian.engineering,,https://avatars.githubusercontent.com/u/181138551?v=4,2026-01-01,2026-04-01,0.0,4271.0,41.71,99.90262563032516,1.0,480.0,749.0,0.5604166666666667,97.37205026049648,1.0,0.0,45513.0,44.513,99.73372387165492,1.0
O_kgDODwoiMA,The-Vibe-Company,The Vibe Company,https://github.com/The-Vibe-Company,https://thevibecompany.co/,,https://avatars.githubusercontent.com/u/252322352?v=4,2026-01-01,2026-04-01,0.0,2315.0,22.15,99.77047470005218,1.0,0.0,15.0,2.0,99.28746552252528,1.0,0.0,24085.0,23.085,99.53401677539608,1.0
O_kgDOD2652Q,pocketpaw,Pocket Paw,https://github.com/pocketpaw,,Your Pocket Paw,https://avatars.githubusercontent.com/u/258914777?v=4,2026-01-01,2026-04-01,0.0,764.0,6.64,99.26969222743872,1.0,0.0,52.0,9.4,99.9272142200429,1.0,0.0,9191.0,8.191,98.66861935827454,1.0
O_kgDODRD9qA,mindfold-ai,mindfold-ai,https://github.com/mindfold-ai,,,https://avatars.githubusercontent.com/u/219217320?v=4,2026-01-01,2026-04-01,0.0,4672.0,45.72,99.9130585985046,1.0,0.0,14.0,1.8,99.20701808152008,1.0,0.0,12017.0,11.017,98.97483690587138,1.0
O_kgDODu09wg,actionbook,Actionbook,https://github.com/actionbook,https://actionbook.dev,Browser action engine for AI agents.,https://avatars.githubusercontent.com/u/250428866?v=4,2026-01-01,2026-04-01,5.0,2461.0,23.61,99.78786298035124,1.0,3.0,11.0,1.2,98.76647257125344,1.0,0.0,32845.0,31.845,99.62721342031688,1.0
O_kgDOBlCtsQ,Crosstalk-Solutions,Crosstalk Solutions,https://github.com/Crosstalk-Solutions,https://crosstalksolutions.com,,https://avatars.githubusercontent.com/u/105950641?v=4,2026-01-01,2026-04-01,12.0,22070.0,219.7,99.98261171970093,1.0,3.0,21.0,3.2,99.56328532025744,1.0,,,,,
O_kgDODwX6VQ,AgentWorkforce,Agent Workforce,https://github.com/AgentWorkforce,https://agent-relay.com,Building the future of AI agent workforce orchestration for software development,https://avatars.githubusercontent.com/u/252050005?v=4,2026-01-01,2026-04-01,7.0,601.0,5.01,99.08537645626848,1.0,3.0,7.0,0.4,96.3032485442844,1.0,0.0,303763.0,302.763,99.9733723871655,1.0
O_kgDOD8iKzw,open-pencil,OpenPencil,https://github.com/open-pencil,https://openpencil.dev,AI-Native Design Editor,https://avatars.githubusercontent.com/u/264800975?v=4,2026-01-01,2026-04-01,0.0,4008.0,39.08,99.88871500608587,1.0,0.0,11.0,1.2,98.76647257125344,1.0,0.0,14961.0,13.961,99.22779922779922,1.0
O_kgDOCO0DNQ,voidzero-dev,VoidZero,https://github.com/voidzero-dev,https://voidzero.dev,Building the next generation toolchain for JavaScript,https://avatars.githubusercontent.com/u/149750581?v=4,2026-01-01,2026-04-01,8.0,4552.0,44.52,99.9095809424448,1.0,6.0,49.0,7.166666666666667,99.86975176218203,1.0,3946513735.0,5212733556.0,0.3208451575299028,86.07375848755159,1.0
O_kgDOD1XjGA,EvoScientist,EvoScientist,https://github.com/EvoScientist,https://EvoScientist.ai/,,https://avatars.githubusercontent.com/u/257286936?v=4,2026-01-01,2026-04-01,0.0,2943.0,28.43,99.84002782124848,1.0,0.0,15.0,2.0,99.28746552252528,1.0,0.0,11852.0,10.852,98.93489548661962,1.0
O_kgDODrYLyQ,MaaEnd,MaaEnd,https://github.com/MaaEnd,,,https://avatars.githubusercontent.com/u/246811593?v=4,2026-01-01,2026-04-01,31.0,2378.0,22.78,99.7774300121718,1.0,1.0,67.0,12.4,99.9540300337113,1.0,,,,,
O_kgDOCqrSJQ,antdv-next,Antdv Next,https://github.com/antdv-next,,This is Ant Design For Vue org,https://avatars.githubusercontent.com/u/178967077?v=4,2026-01-01,2026-04-01,10.0,628.0,5.28,99.113197704747,1.0,2.0,28.0,4.6,99.7203493717438,1.0,420.0,17611.0,16.611,99.36093729197178,1.0
O_kgDOEAKlOw,zenc-lang,Zen C,https://github.com/zenc-lang,,,https://avatars.githubusercontent.com/u/268608827?v=4,2026-01-01,2026-04-01,0.0,4127.0,40.27,99.89567031820552,1.0,0.0,41.0,7.2,99.87741342323017,1.0,,,,,
O_kgDOEBMW2g,public-clis,Public CLIs,https://github.com/public-clis,,,https://avatars.githubusercontent.com/u/269686490?v=4,2026-01-01,2026-04-01,0.0,2408.0,23.08,99.7809076682316,1.0,0.0,8.0,0.6,97.62488507508428,1.0,0.0,27065.0,26.065,99.60058580748236,1.0
O_kgDODyj4Sg,LibPDF-js,LibPDF,https://github.com/LibPDF-js,https://libpdf.dev,"A modern PDF library for TypeScript. Parse, modify, and generate PDFs with a clean, intuitive API.",https://avatars.githubusercontent.com/u/254343242?v=4,2026-01-01,2026-04-01,0.0,811.0,7.11,99.31490175621632,1.0,1.0,6.0,0.2,91.87863928899786,1.0,0.0,129075.0,128.075,99.8801757422447,1.0
O_kgDOD3-R6g,milady-ai,milady.ai,https://github.com/milady-ai,https://milady.ai/,Infecting your computer with cuteness,https://avatars.githubusercontent.com/u/260018666?v=4,2026-01-01,2026-04-01,0.0,286.0,1.86,98.02816901408453,1.0,0.0,29.0,4.8,99.73567269384004,1.0,0.0,25707.0,24.707,99.57395819464784,1.0
O_kgDOB9G1dw,TermiX-official,TermiX,https://github.com/TermiX-official,https://termix.ai,,https://avatars.githubusercontent.com/u/131183991?v=4,2026-01-01,2026-04-01,0.0,329.0,2.29,98.3168144670492,1.0,25.0,531.0,20.24,99.96935335580754,1.0,0.0,2254.0,1.254,95.033950206364,1.0
O_kgDOCcOI0A,THU-MAIC,MAIC,https://github.com/THU-MAIC,,,https://avatars.githubusercontent.com/u/163809488?v=4,2026-01-01,2026-04-01,0.0,14148.0,140.48,99.97217875152148,1.0,0.0,16.0,2.2,99.35258964143426,1.0,,,,,
O_kgDOD0G12A,ChartGPU,ChartGPU,https://github.com/ChartGPU,https://chartgpu.github.io/ChartGPU/examples/,"Beautiful, open source, WebGPU-based charting library",https://avatars.githubusercontent.com/u/255964632?v=4,2026-01-01,2026-04-01,0.0,2904.0,28.04,99.82959485306904,1.0,0.0,3.0,-0.4,,,0.0,36856.0,35.856,99.68046864598588,1.0
MDEyOk9yZ2FuaXphdGlvbjMzMTg4NjUy,entireio,Entire,https://github.com/entireio,https://entire.io,Building the world's next developer platform,https://avatars.githubusercontent.com/u/33188652?v=4,2026-01-01,2026-04-01,0.0,3891.0,37.91,99.88175969396626,1.0,1.0,33.0,5.6,99.800796812749,1.0,,,,,
O_kgDODpelEw,accomplish-ai,Accomplish,https://github.com/accomplish-ai,https://www.accomplish.ai,,https://avatars.githubusercontent.com/u/244819219?v=4,2026-01-01,2026-04-01,0.0,8068.0,79.68,99.95131281516258,1.0,,22.0,,,,0.0,11007.0,10.007,98.85501264811607,1.0
O_kgDOCjhLuA,llmsresearch,LLMs Research,https://github.com/llmsresearch,www.llmsresearch.com,LLMs Research analyze and share insights from LLMs related research papers,https://avatars.githubusercontent.com/u/171461560?v=4,2026-01-01,2026-04-01,0.0,1298.0,11.98,99.58963658494176,1.0,0.0,13.0,1.6,99.0959239963224,1.0,0.0,14613.0,13.613,99.21448542138197,1.0
O_kgDODwag9A,telemt,Telemt,https://github.com/telemt,,"Excellence through access: well-established for everyone, always on guard",https://avatars.githubusercontent.com/u/252092660?v=4,2026-01-01,2026-04-01,0.0,2664.0,25.64,99.81916188488958,1.0,1.0,38.0,6.6,99.83910511798958,1.0,,,,,
O_kgDOD2W5TA,GrafeoDB,Grafeo,https://github.com/GrafeoDB,grafeo.dev,,https://avatars.githubusercontent.com/u/258324812?v=4,2026-01-01,2026-04-01,0.0,478.0,3.78,98.82802990784212,1.0,0.0,2.0,-0.6,,,0.0,199803.0,198.803,99.96005858074824,1.0
O_kgDOD7cjnA,onecli,OneCLI,https://github.com/onecli,https://onecli.sh,"Connect GitHub to OneCLI so AI agents can manage repos, issues, and PRs on your behalf.",https://avatars.githubusercontent.com/u/263660444?v=4,2026-01-01,2026-04-01,0.0,1649.0,15.49,99.68353329855675,1.0,0.0,11.0,1.2,98.76647257125344,1.0,0.0,13182.0,12.182,99.09466116362668,1.0
O_kgDOD68GIg,CloakHQ,CloakHQ,https://github.com/CloakHQ,,,https://avatars.githubusercontent.com/u/263128610?v=4,2026-01-01,2026-04-01,0.0,1118.0,10.18,99.5131281516258,1.0,0.0,4.0,-0.2,,,0.0,75896.0,74.896,99.81360671015842,1.0
O_kgDOCdz30g,moeru-ai,Moeru AI,https://github.com/moeru-ai,https://moeru.ai,Does kindness plus sadness equal to zero?,https://avatars.githubusercontent.com/u/165476306?v=4,2026-01-01,2026-04-01,547.0,19564.0,34.76599634369287,99.8643714136672,1.0,23.0,85.0,2.6956521739130435,99.4943303708244,1.0,3461268.0,7461963.0,1.155846643484411,94.7676740780189,1.0
O_kgDOD9jl7A,openchamber,OpenChamber,https://github.com/openchamber,,Desktop and web interface for OpenCode AI agent,https://avatars.githubusercontent.com/u/265872876?v=4,2026-01-01,2026-04-01,106.0,2703.0,24.5,99.80872891671014,1.0,8.0,57.0,6.125,99.82378179589335,1.0,,,,,
O_kgDOD7fBHg,open-gitagent,GitAgent,https://github.com/open-gitagent,www.gitagent.sh,"A framework-agnostic, git-native open standard for defining AI agents.     Clone a repo, get an agent. Maintained by Team @ Lyzr",https://avatars.githubusercontent.com/u/263700766?v=4,2026-01-01,2026-04-01,0.0,2960.0,28.6,99.8469831333681,1.0,0.0,12.0,1.4,98.9235366227398,1.0,0.0,5216.0,4.216,97.80322194115296,1.0
O_kgDOC8ttGg,a5c-ai,a5c.ai,https://github.com/a5c-ai,https://a5c.ai,,https://avatars.githubusercontent.com/u/197881114?v=4,2026-01-01,2026-04-01,0.0,519.0,4.19,98.92540427751696,1.0,,8.0,,,,0.0,142876.0,141.876,99.89348954866196,1.0
O_kgDODKy-ZA,Robbyant,Robbyant,https://github.com/Robbyant,https://www.robbyant.com/,"Intelligence in Action, Benefits for Everyone",https://avatars.githubusercontent.com/u/212647524?v=4,2026-01-01,2026-04-01,0.0,6302.0,62.02,99.92696922274386,1.0,0.0,18.0,2.6,99.467514557156,1.0,,,,,
O_kgDODncehA,superset-sh,Superset,https://github.com/superset-sh,superset.sh,Building for the AI Agent Era,https://avatars.githubusercontent.com/u/242687620?v=4,2026-01-01,2026-04-01,377.0,8496.0,21.53580901856764,99.76699704399236,1.0,8.0,52.0,5.5,99.78930432117684,1.0,,,,,
O_kgDOD2W7_g,rocketride-org,rocketride.org,https://github.com/rocketride-org,https://rocketride.org/,,https://avatars.githubusercontent.com/u/258325502?v=4,2026-01-01,2026-04-01,0.0,1487.0,13.87,99.65571205007824,1.0,0.0,21.0,3.2,99.56328532025744,1.0,0.0,3282.0,2.282,96.63160697643455,1.0
O_kgDOBng6Lg,builderz-labs,Builderz.dev,https://github.com/builderz-labs,https://builderz.dev,Innovative Solutions for Software Development on Solana,https://avatars.githubusercontent.com/u/108542510?v=4,2026-01-01,2026-04-01,0.0,3591.0,34.91,99.867849069727,1.0,0.0,24.0,3.8,99.67054857493105,1.0,,,,,
O_kgDODoYvFQ,Universal-Commerce-Protocol,Universal Commerce Protocol (UCP),https://github.com/Universal-Commerce-Protocol,https://ucp.dev,"The common language for platforms, agents, and businesses. Enabling interoperable agentic commerce without custom builds.",https://avatars.githubusercontent.com/u/243674901?v=4,2026-01-01,2026-04-01,0.0,2781.0,26.81,99.8226395409494,1.0,0.0,28.0,4.6,99.7203493717438,1.0,,,,,
O_kgDODdb5sA,homeassistant-ai,The Unofficial Home Assistant AI Toolkit,https://github.com/homeassistant-ai,,"Community-built MCP server for AI-powered smart home control and skills for Agents, Unofficial but awesome! 🏠🤖",https://avatars.githubusercontent.com/u/232192432?v=4,2026-01-01,2026-04-01,198.0,2248.0,10.353535353535351,99.52008346374544,1.0,2.0,21.0,3.2,99.56328532025744,1.0,39307.0,163012.0,3.1471493627089324,97.2972972972973,1.0
O_kgDOB5XHZA,stablyai,Stably,https://github.com/stablyai,https://stably.ai,,https://avatars.githubusercontent.com/u/127256420?v=4,2026-01-01,2026-04-01,0.0,759.0,6.59,99.25925925925924,1.0,0.0,22.0,3.4,99.59010113392584,1.0,0.0,5004.0,4.004,97.7366529090667,1.0
O_kgDODCRHQw,QuipNetwork,Quip Network,https://github.com/QuipNetwork,https://quip.network,,https://avatars.githubusercontent.com/u/203704131?v=4,2026-01-01,2026-04-01,4.0,36013.0,359.13,99.9965223439402,1.0,2.0,4.0,-0.2,,,,,,,
O_kgDOCmwfSQ,getnao,getnao,https://github.com/getnao,,,https://avatars.githubusercontent.com/u/174858057?v=4,2026-01-01,2026-04-01,0.0,907.0,8.07,99.39836550165188,1.0,2.0,30.0,5.0,99.75865767698436,1.0,1519.0,3640.0,1.3963133640552996,95.3268539475436,1.0
O_kgDOBuUF4w,Sharkord,Sharkord,https://github.com/Sharkord,https://sharkord.com,,https://avatars.githubusercontent.com/u/115672547?v=4,2026-01-01,2026-04-01,0.0,1237.0,11.37,99.56529299252304,1.0,1.0,40.0,7.0,99.85059760956176,1.0,,,,,
O_kgDOB-qCMA,tech-leads-club,TechLeads.club 💎,https://github.com/tech-leads-club,https://comece.techleads.club?utm_source=github&utm_medium=tlcprofile,Comunidade Brasileira de desenvolvimento de software e liderança técnica.,https://avatars.githubusercontent.com/u/132809264?v=4,2026-01-01,2026-04-01,0.0,1927.0,18.27,99.71830985915491,1.0,12.0,17.0,0.4166666666666667,96.65185412197364,1.0,0.0,11913.0,10.913,98.94820929303688,1.0
MDEyOk9yZ2FuaXphdGlvbjYwNTE0ODE0,southleft,"Southleft, LLC",https://github.com/southleft,https://southleft.com,Boutique front-end web development agency.,https://avatars.githubusercontent.com/u/60514814?v=4,2026-01-01,2026-04-01,141.0,1551.0,10.0,99.50269518344636,1.0,2.0,11.0,1.2,98.76647257125344,1.0,14021.0,135217.0,8.643891305898295,98.72187458394356,1.0
O_kgDOD2lv2A,caliber-ai-org,Caliber,https://github.com/caliber-ai-org,,"open source CLI that scans your repo and generates a tailored AI coding setup. MCPs, rules, skills, agents, plugins.",https://avatars.githubusercontent.com/u/258568152?v=4,2026-01-01,2026-04-01,0.0,564.0,4.64,99.00539036689273,1.0,0.0,9.0,0.8,98.2110021452651,1.0,0.0,26421.0,25.421,99.5872720010651,1.0
O_kgDODtZjvg,SynkraAI,SynkraAI,https://github.com/SynkraAI,,,https://avatars.githubusercontent.com/u/248931262?v=4,2026-01-01,2026-04-01,5.0,2590.0,24.9,99.81220657276997,1.0,15.0,23.0,0.5333333333333333,97.31075697211156,1.0,0.0,6316.0,5.316,98.16269471441883,1.0
O_kgDODq6PAg,eigenpal,EigenPal,https://github.com/eigenpal,http://eigenpal.com/,,https://avatars.githubusercontent.com/u/246320898?v=4,2026-01-01,2026-04-01,0.0,562.0,4.62,99.00017388280298,1.0,0.0,9.0,0.8,98.2110021452651,1.0,0.0,24308.0,23.308,99.54733058181334,1.0
O_kgDODJfj1A,opendataloader-project,opendataloader-project,https://github.com/opendataloader-project,https://opendataloader.org,,https://avatars.githubusercontent.com/u/211280852?v=4,2026-01-01,2026-04-01,810.0,11176.0,12.797530864197531,99.62789080159972,1.0,6.0,16.0,1.6666666666666667,99.16487894575543,1.0,20376.0,92882.0,3.5584020416175894,97.51031819997336,1.0
O_kgDODtIVYg,chatfire-AI,AI 火宝,https://github.com/chatfire-AI,https://api.chatfire.site/models,AI 火宝开源社区,https://avatars.githubusercontent.com/u/248649058?v=4,2026-01-01,2026-04-01,0.0,9960.0,98.6,99.96522343940184,1.0,0.0,9.0,0.8,98.2110021452651,1.0,,,,,
O_kgDODgaEBQ,agentclientprotocol,Agent Client Protocol (ACP),https://github.com/agentclientprotocol,https://agentclientprotocol.com/,A protocol for connecting any editor to any agent ,https://avatars.githubusercontent.com/u/235308037?v=4,2026-01-01,2026-04-01,751.0,2871.0,2.822902796271638,98.5359067988176,1.0,39.0,130.0,2.3333333333333335,99.39089794667484,1.0,3043227.0,34421641.0,10.3109015528582,98.89495406736786,1.0
O_kgDOD2wi9g,moltis-org,Moltis,https://github.com/moltis-org,https://www.moltis.org,A Rust gateway inspired by OpenClaw,https://avatars.githubusercontent.com/u/258745078?v=4,2026-01-01,2026-04-01,0.0,2531.0,24.31,99.8035124326204,1.0,0.0,20.0,3.0,99.51731535396874,1.0,,,,,
O_kgDODyonPQ,memohai,MemohAI,https://github.com/memohai,https://memoh.ai,"Bitterness or sweetness, all in the box✨📦",https://avatars.githubusercontent.com/u/254420797?v=4,2026-01-01,2026-04-01,0.0,1325.0,12.25,99.5965918970614,1.0,0.0,29.0,4.8,99.73567269384004,1.0,,,,,
O_kgDODzyygg,Orchestra-Research,Orchestra Research,https://github.com/Orchestra-Research,,,https://avatars.githubusercontent.com/u/255636098?v=4,2026-01-01,2026-04-01,470.0,6157.0,12.1,99.59311424100156,1.0,2.0,10.0,1.0,98.54811523138216,1.0,0.0,5973.0,4.973,98.01624284382903,1.0
O_kgDODzN3xQ,A3S-Lab,A3S Lab,https://github.com/A3S-Lab,https://a3s-lab.github.io/a3s/,Large-scale high-availability infrastructure focused on AI Agents,https://avatars.githubusercontent.com/u/255031237?v=4,2026-01-01,2026-04-01,190.0,348.0,0.8315789473684211,96.8527212658668,1.0,1.0,5.0,0.0,33.07539074471346,1.0,146.0,163131.0,162.131,99.94674477433098,1.0
O_kgDOD3RgTw,AutoForgeAI,AutoForge AI,https://github.com/AutoForgeAI,,,https://avatars.githubusercontent.com/u/259285071?v=4,2026-01-01,2026-04-01,0.0,1748.0,16.48,99.69396626673624,1.0,1.0,23.0,3.6,99.63607110021454,1.0,,,,,
O_kgDODzgnKw,SurgeDM,Surge,https://github.com/SurgeDM,,,https://avatars.githubusercontent.com/u/255338283?v=4,2026-01-01,2026-04-01,0.0,2820.0,27.2,99.8261171970092,1.0,2.0,17.0,2.4,99.40622126877106,1.0,,,,,
O_kgDOD3JyoQ,datadog-labs,Datadog Labs,https://github.com/datadog-labs,https://datadoghq.com,Datadog Labs,https://avatars.githubusercontent.com/u/259158689?v=4,2026-01-01,2026-04-01,0.0,590.0,4.9,99.0471222396105,1.0,0.0,45.0,8.0,99.90422923689856,1.0,,,,,
O_kgDOCcW5kQ,Renegades-Studio,Renegades,https://github.com/Renegades-Studio,,,https://avatars.githubusercontent.com/u/163953041?v=4,2026-01-01,2026-04-01,0.0,459.0,3.59,98.7828203790645,1.0,1.0,1.0,-0.8,,,0.0,55175.0,54.175,99.80029290374118,1.0
O_kgDOD-WqIw,tickflow-org,TickFlow Team,https://github.com/tickflow-org,https://tickflow.org,让专业金融数据触手可及,https://avatars.githubusercontent.com/u/266709539?v=4,2026-01-01,2026-04-01,0.0,307.0,2.07,98.16727525647714,1.0,0.0,1.0,-0.8,,,0.0,82674.0,81.674,99.82692051657568,1.0
O_kgDOCRd9ww,clash-verge-rev,Clash Verge Rev,https://github.com/clash-verge-rev,https://clash-verge-rev.github.io,,https://avatars.githubusercontent.com/u/152534467?v=4,2026-01-01,2026-04-01,250.0,13315.0,52.26,99.92001391062423,1.0,12.0,26.0,1.1666666666666667,98.6975176218204,1.0,,,,,
O_kgDOD3MH_Q,Conway-Research,Conway Research,https://github.com/Conway-Research,conway.tech,"Applied AI lab giving AI write access to the real world.  Creating technology for self-improving, self-replicating, autonomous AI",https://avatars.githubusercontent.com/u/259196925?v=4,2026-01-01,2026-04-01,0.0,3897.0,37.97,99.88523735002607,1.0,0.0,13.0,1.6,99.0959239963224,1.0,,,,,
O_kgDODfN1DA,GetBindu,getbindu.com,https://github.com/GetBindu,https://getbindu.com,,https://avatars.githubusercontent.com/u/234059020?v=4,2026-01-01,2026-04-01,275.0,3393.0,11.338181818181818,99.56181533646324,1.0,11.0,50.0,3.5454545454545454,99.61691694759423,1.0,13509.0,17782.0,0.3163076467540158,85.86073758487551,1.0
O_kgDOCU4RJQ,open-constructs,Open Constructs Foundation,https://github.com/open-constructs,https://the-ocf.org/,The software projects of the OCF,https://avatars.githubusercontent.com/u/156111141?v=4,2026-01-01,2026-04-01,0.0,158.0,0.58,96.09980872891671,1.0,,4.0,,,,91.0,161624.0,160.624,99.93343096791372,1.0
O_kgDODyZDRA,claude-world,Claude-World,https://github.com/claude-world,https://claude-world.com,"Open-source tools for mastering Claude Code — Director Mode, MCP Servers, Security, Trending Data",https://avatars.githubusercontent.com/u/254165828?v=4,2026-01-01,2026-04-01,0.0,157.0,0.57,96.04764388801948,1.0,0.0,1.0,-0.8,,,0.0,159602.0,158.602,99.92011716149646,1.0
MDEyOk9yZ2FuaXphdGlvbjI5MTM0MjIx,nearai,NEAR AI,https://github.com/nearai,near.ai,,https://avatars.githubusercontent.com/u/29134221?v=4,2026-01-01,2026-04-01,480.0,12044.0,24.091666666666665,99.79481829247088,1.0,34.0,110.0,2.235294117647059,99.37940545510268,1.0,53431.0,55491.0,0.0385543972600175,42.471042471042466,1.0
O_kgDODnTfOw,vm0-ai,VM0,https://github.com/vm0-ai,https://vm0.ai,,https://avatars.githubusercontent.com/u/242540347?v=4,2026-01-01,2026-04-01,34.0,1071.0,9.71,99.4887845592071,1.0,3.0,9.0,0.8,98.2110021452651,1.0,9380.0,62012.0,5.611087420042644,98.2958327785914,1.0
O_kgDOD8aJfA,bubbuild,Bub Build,https://github.com/bubbuild,https://bub.build,"Bub it, build it.",https://avatars.githubusercontent.com/u/264669564?v=4,2026-01-01,2026-04-01,12.0,1181.0,10.81,99.5357329160146,1.0,1.0,22.0,3.4,99.59010113392584,1.0,5330.0,6767.0,0.2696060037523452,83.81041139661829,1.0
O_kgDODmYFpA,xpaysh,{xpay✦},https://github.com/xpaysh,https://www.xpay.sh,"Pay-per-use tools, monetization, and spend controls for AI agents",https://avatars.githubusercontent.com/u/241567140?v=4,2026-01-01,2026-04-01,98.0,169.0,0.69,96.48408972352634,1.0,3.0,49.0,8.8,99.91572172847071,1.0,99288.0,251992.0,1.537990492305213,95.63307149514048,1.0
O_kgDODyp2eQ,crosspoint-reader,CrossPoint,https://github.com/crosspoint-reader,,,https://avatars.githubusercontent.com/u/254441081?v=4,2026-01-01,2026-04-01,371.0,3078.0,7.296495956873315,99.32881238045556,1.0,17.0,105.0,5.176470588235294,99.77015016855655,1.0,,,,,
O_kgDODt6M9g,outray-tunnel,OutRay,https://github.com/outray-tunnel,https://outray.dev,,https://avatars.githubusercontent.com/u/249466102?v=4,2026-01-01,2026-04-01,201.0,1042.0,4.1840796019900495,98.92192662145712,1.0,2.0,14.0,1.8,99.20701808152008,1.0,726.0,6381.0,5.381,98.21594994008788,1.0
O_kgDODzVfxQ,pmxt-dev,pmxt.dev,https://github.com/pmxt-dev,https://pmxt.dev,The unified API for trading across prediction markets.,https://avatars.githubusercontent.com/u/255156165?v=4,2026-01-01,2026-04-01,0.0,1372.0,12.72,99.6244131455399,1.0,0.0,10.0,1.0,98.54811523138216,1.0,28587.0,112466.0,2.9341658795956205,97.07096258820395,1.0
O_kgDODg2frA,Ataraxy-Labs,Ataraxy Labs Inc.,https://github.com/Ataraxy-Labs,ataraxy-labs.com,We are building software for agents.,https://avatars.githubusercontent.com/u/235773868?v=4,2026-01-01,2026-04-01,0.0,2529.0,24.29,99.7982959485307,1.0,0.0,15.0,2.0,99.28746552252528,1.0,,,,,
O_kgDOD2V2eg,agentcontrol,Agent Control,https://github.com/agentcontrol,https://agentcontrol.dev,Agent Control is the open source control plane for your AI agents. ,https://avatars.githubusercontent.com/u/258307706?v=4,2026-01-01,2026-04-01,0.0,191.0,0.91,97.01790992870804,1.0,2.0,15.0,2.0,99.28746552252528,1.0,0.0,16137.0,15.137,99.28105445346824,1.0
O_kgDOCqdkmg,dimensionalOS,Dimensional,https://github.com/dimensionalOS,dimensionalOS.com,Building the universal robotics framework. Fully open-source. ,https://avatars.githubusercontent.com/u/178742426?v=4,2026-01-01,2026-04-01,13.0,2412.0,23.12,99.78438532429142,1.0,9.0,23.0,1.5555555555555556,99.02696904688936,1.0,4699.0,6494.0,0.3819961693977442,87.87112235388096,1.0
O_kgDODjnyzg,git-ai-project,Git AI,https://github.com/git-ai-project,https://usegitai.com,The open standard for tracking AI-generated code,https://avatars.githubusercontent.com/u/238678734?v=4,2026-01-01,2026-04-01,174.0,1503.0,7.637931034482759,99.3601112849939,1.0,6.0,35.0,4.833333333333333,99.7471651854122,1.0,,,,,
O_kgDOD-ySyw,open-wallet-standard,open-wallet-standard,https://github.com/open-wallet-standard,https://openwallet.sh,"Local, policy-gated signing and wallet management for every chain.",https://avatars.githubusercontent.com/u/267162315?v=4,2026-01-01,2026-04-01,0.0,291.0,1.91,98.0681620587724,1.0,0.0,16.0,2.2,99.35258964143426,1.0,0.0,9006.0,8.006,98.64199174544,1.0
O_kgDOC63XWw,TecharoHQ,Techaro,https://github.com/TecharoHQ,https://techaro.lol,The anti-AI AI company based in Canada,https://avatars.githubusercontent.com/u/195942235?v=4,2026-01-01,2026-04-01,145.0,2088.0,13.4,99.63832376977916,1.0,4.0,21.0,3.2,99.56328532025744,1.0,,,,,
O_kgDODosl1A,NeuralNomadsAI,NeuralNomadsAI,https://github.com/NeuralNomadsAI,,,https://avatars.githubusercontent.com/u/244000212?v=4,2026-01-01,2026-04-01,271.0,1082.0,2.992619926199262,98.61241523213354,1.0,4.0,14.0,1.8,99.20701808152008,1.0,1465.0,11638.0,6.944027303754266,98.48222606843296,1.0
O_kgDOD0ljfA,harbor-framework,Harbor,https://github.com/harbor-framework,https://harborframework.com/,,https://avatars.githubusercontent.com/u/256467836?v=4,2026-01-01,2026-04-01,322.0,1562.0,3.8509316770186337,98.85237350026082,1.0,56.0,157.0,1.8035714285714288,99.2414955562366,1.0,179888.0,1134117.0,5.30457284532598,98.13606710158436,1.0
O_kgDOD93NVw,mem9-ai,mem9.ai,https://github.com/mem9-ai,,,https://avatars.githubusercontent.com/u/266194263?v=4,2026-01-01,2026-04-01,0.0,857.0,7.57,99.35315597287428,1.0,0.0,14.0,1.8,99.20701808152008,1.0,0.0,3379.0,2.379,96.7381174277726,1.0
O_kgDOD7aaZg,nexu-io,nexu,https://github.com/nexu-io,https://nexu.io,The Open-Source Digital Coworker.,https://avatars.githubusercontent.com/u/263625318?v=4,2026-01-01,2026-04-01,0.0,2187.0,20.87,99.7565640758129,1.0,0.0,15.0,2.0,99.28746552252528,1.0,,,,,
O_kgDOD4sWMA,TinyAGI,TinyAGI,https://github.com/TinyAGI,,,https://avatars.githubusercontent.com/u/260773424?v=4,2026-01-01,2026-04-01,0.0,4112.0,40.12,99.89219266214572,1.0,0.0,10.0,1.0,98.54811523138216,1.0,5731.0,5806.0,0.0130867213400802,18.426308081480496,1.0
MDEyOk9yZ2FuaXphdGlvbjUzMTQxMzQy,Ascend,Ascend,https://github.com/Ascend,ascend.huawei.com,昇腾万里，让智能无所不及,https://avatars.githubusercontent.com/u/53141342?v=4,2026-01-01,2026-04-01,711.0,767.0,0.0787623066104078,83.62371761432794,1.0,385.0,417.0,0.0831168831168831,78.93043211768311,1.0,6731.0,989692.0,146.0349130886941,99.90680335507922,1.0
O_kgDODqcs5A,first-fluke,First Fluke,https://github.com/first-fluke,https://pic2cook.org,"An engineering-first collective building scalable, AI-native software and infrastructure.",https://avatars.githubusercontent.com/u/245837028?v=4,2026-01-01,2026-04-01,0.0,773.0,6.73,99.27838636758824,1.0,0.0,5.0,0.0,33.07539074471346,1.0,0.0,19236.0,18.236,99.42750632405804,1.0
O_kgDODXq7sQ,jo-inc,jo,https://github.com/jo-inc,https://askjo.ai,a personal agent,https://avatars.githubusercontent.com/u/226147249?v=4,2026-01-01,2026-04-01,0.0,1222.0,11.22,99.5548600243436,1.0,0.0,6.0,0.2,91.87863928899786,1.0,0.0,8483.0,7.483,98.5621089069365,1.0
O_kgDOD628FQ,EvoMap,EvoMap,https://github.com/EvoMap,,,https://avatars.githubusercontent.com/u/263044117?v=4,2026-01-01,2026-04-01,0.0,1831.0,17.31,99.70439923491568,1.0,0.0,7.0,0.4,96.3032485442844,1.0,0.0,4196.0,3.196,97.35055252296632,1.0
O_kgDOD4dKKQ,openhome-dev,OpenHome,https://github.com/openhome-dev,,"Build AI voice agents with an open ability ecosystem. Any model, deploy your way.",https://avatars.githubusercontent.com/u/260524585?v=4,2026-01-01,2026-04-01,0.0,417.0,3.17,98.6680577290906,1.0,0.0,40.0,7.0,99.85059760956176,1.0,,,,,
O_kgDOD0g4Lg,roborev-dev,roborev,https://github.com/roborev-dev,https://roborev.io,"Continuous, non-invasive background code review for agents. Work smarter with a fast review feedback loop",https://avatars.githubusercontent.com/u/256391214?v=4,2026-01-01,2026-04-01,0.0,814.0,7.14,99.31837941227612,1.0,0.0,26.0,4.2,99.70885688017162,1.0,,,,,
O_kgDOB8_iJg,Factory-AI,Factory,https://github.com/Factory-AI,factory.ai,The machine that builds the machine.,https://avatars.githubusercontent.com/u/131064358?v=4,2026-01-01,2026-04-01,450.0,897.0,0.9933333333333332,97.19005390366893,1.0,21.0,29.0,0.3809523809523809,95.94698130554704,1.0,2987.0,133362.0,43.647472380314696,99.72041006523766,1.0
O_kgDOD4ycug,fastclaw-ai,fastclaw-ai,https://github.com/fastclaw-ai,,,https://avatars.githubusercontent.com/u/260873402?v=4,2026-01-01,2026-04-01,0.0,2145.0,20.45,99.74960876369327,1.0,0.0,14.0,1.8,99.20701808152008,1.0,,,,,
O_kgDOD6NMSg,SeaLantern-Studio,SeaLantern Studio,https://github.com/SeaLantern-Studio,https://ideaflash.cn/,,https://avatars.githubusercontent.com/u/262360138?v=4,2026-01-01,2026-04-01,0.0,354.0,2.54,98.4037558685446,1.0,0.0,43.0,7.6,99.88507508427828,1.0,,,,,
O_kgDOC-k36A,BankrBot,Bankr,https://github.com/BankrBot,https://bankr.bot,"github repo for bankr, the ai agent.",https://avatars.githubusercontent.com/u/199833576?v=4,2026-01-01,2026-04-01,0.0,1068.0,9.68,99.48530690314728,1.0,0.0,21.0,3.2,99.56328532025744,1.0,,,,,
O_kgDODFmiUw,datahaven-xyz,datahaven-xyz,https://github.com/datahaven-xyz,,,https://avatars.githubusercontent.com/u/207200851?v=4,2026-01-01,2026-04-01,3.0,7899.0,77.99,99.94435750304297,1.0,15.0,18.0,0.2,91.87863928899786,1.0,,,,,
O_kgDODe0xuw,awesome-opencode,awesome-opencode,https://github.com/awesome-opencode,,,https://avatars.githubusercontent.com/u/233648571?v=4,2026-01-01,2026-04-01,527.0,4683.0,7.8861480075901325,99.38793253347244,1.0,10.0,47.0,3.7,99.6552252528348,1.0,,,,,
O_kgDOD3OvXA,RunMaestro,RunMaestro.ai,https://github.com/RunMaestro,https://runmaestro.ai,Maestro is a cross-platform desktop app for conducting your fleet of AI agents and projects. ,https://avatars.githubusercontent.com/u/259239772?v=4,2026-01-01,2026-04-01,320.0,2677.0,7.365625,99.3322900365154,1.0,7.0,33.0,3.7142857142857144,99.66288691388291,1.0,,,,,
O_kgDODI_FhA,superplanehq,SuperPlane,https://github.com/superplanehq,https://superplane.com,,https://avatars.githubusercontent.com/u/210748804?v=4,2026-01-01,2026-04-01,7.0,915.0,8.15,99.40532081377152,1.0,11.0,49.0,3.4545454545454546,99.601593625498,1.0,,,,,
O_kgDODlnxpw,ziex-dev,Ziex,https://github.com/ziex-dev,ziex.dev,,https://avatars.githubusercontent.com/u/240775591?v=4,2026-01-01,2026-04-01,95.0,203.0,1.03,97.24743522865587,1.0,5.0,12.0,1.4,98.9235366227398,1.0,1124.0,15681.0,12.951067615658364,99.18785780854746,1.0
O_kgDODMPTDA,pascalorg,Pascal,https://github.com/pascalorg,https://editor.pascal.app,Intelligence upgrade for every building,https://avatars.githubusercontent.com/u/214160140?v=4,2026-01-01,2026-04-01,29.0,9449.0,93.49,99.96174578334202,1.0,,12.0,,,,,,,,
O_kgDOCg8nQw,databricks-solutions,databricks-solutions,https://github.com/databricks-solutions,,,https://avatars.githubusercontent.com/u/168765251?v=4,2026-01-01,2026-04-01,132.0,1301.0,8.856060606060606,99.45053034254911,1.0,11.0,45.0,3.090909090909091,99.54030033711308,1.0,,,,,
O_kgDOCUOYdw,thesysdev,Thesys,https://github.com/thesysdev,thesys.dev,The Generative UI Company,https://avatars.githubusercontent.com/u/155424887?v=4,2026-01-01,2026-04-01,335.0,2662.0,6.946268656716418,99.30099113197704,1.0,11.0,23.0,1.0909090909090908,98.68219429972416,1.0,35882.0,142589.0,2.973830890139903,97.11090400745572,1.0
O_kgDOB4YJtA,glincker,GLINCKER,https://github.com/glincker,https://glincker.com,The Hub of GG-NETWORK ,https://avatars.githubusercontent.com/u/126224820?v=4,2026-01-01,2026-04-01,0.0,979.0,8.79,99.44357503042949,1.0,0.0,4.0,-0.2,,,0.0,11268.0,10.268,98.86832645453336,1.0
O_kgDOCvDOew,canopy-network,Canopy Network,https://github.com/canopy-network,https://canopynetwork.org,A mesh security network and a building framework for Web3 developers that eliminates the need for layers and guarantees sovereignty,https://avatars.githubusercontent.com/u/183553659?v=4,2026-01-01,2026-04-01,29.0,7857.0,77.57,99.94087984698314,1.0,10.0,11.0,0.1,82.2211155378486,1.0,,,,,
O_kgDOC1hVKA,benchflow-ai,BenchFlow,https://github.com/benchflow-ai,https://www.benchflow.ai/,,https://avatars.githubusercontent.com/u/190338344?v=4,2026-01-01,2026-04-01,289.0,1214.0,3.2006920415224913,98.68544600938968,1.0,8.0,54.0,5.75,99.80845847379712,1.0,18214.0,18626.0,0.022619962666081,29.050725602449734,1.0
O_kgDODBEVcA,Prismer-AI,Prismer.AI,https://github.com/Prismer-AI,https://luminpulse.ai/,Official Organization of LuminPulse.AI,https://avatars.githubusercontent.com/u/202446192?v=4,2026-01-01,2026-04-01,0.0,1495.0,13.95,99.66092853416797,1.0,0.0,3.0,-0.4,,,0.0,6805.0,5.805,98.30914658500866,1.0
O_kgDOD8MxIg,TrendTechVista,"Decoding Today’s Trends, Defining Tomorrow.",https://github.com/TrendTechVista,,TechVista decodes today’s technology trends to define tomorrow’s innovations.,https://avatars.githubusercontent.com/u/264450338?v=4,2026-01-01,2026-04-01,0.0,1261.0,11.61,99.56877064858286,1.0,0.0,2.0,-0.6,,,26473.0,214049.0,7.085558871302837,98.49553987485022,1.0
O_kgDOECO8vg,betasharp-official,BetaSharp,https://github.com/betasharp-official,https://betasharp.net/,Minecraft Beta 1.7.3 written in C#,https://avatars.githubusercontent.com/u/270777534?v=4,2026-01-01,2026-04-01,0.0,400.0,3.0,98.61589288819336,1.0,0.0,34.0,5.8,99.81612013484524,1.0,,,,,
O_kgDOD721oQ,openJiuwen-ai,openJiuwen,https://github.com/openJiuwen-ai,https://www.openjiuwen.com,Read-only mirrors of all openJiuwen code repositories hosted at https://gitcode.com/openJiuwen,https://avatars.githubusercontent.com/u/264091041?v=4,2026-01-01,2026-04-01,0.0,317.0,2.17,98.2507390019127,1.0,0.0,18.0,2.6,99.467514557156,1.0,0.0,3823.0,2.823,97.01770736253496,1.0
O_kgDOD2eB6A,happier-dev,Happier Devs,https://github.com/happier-dev,https://happier.dev,,https://avatars.githubusercontent.com/u/258441704?v=4,2026-01-01,2026-04-01,0.0,600.0,5.0,99.08189880020866,1.0,32.0,52.0,0.625,97.8394115844315,1.0,0.0,7500.0,6.5,98.4422846491812,1.0
O_kgDOD6sz9Q,agent-sh,agent-sh,https://github.com/agent-sh,https://agent-sh.github.io/agent-sh.dev/,DX focused ecosystem for AI-powered research and development,https://avatars.githubusercontent.com/u/262878197?v=4,2026-01-01,2026-04-01,0.0,843.0,7.43,99.34272300469485,1.0,0.0,5.0,0.0,33.07539074471346,1.0,0.0,11506.0,10.506,98.90826787378512,1.0
O_kgDODmIDzA,fluxerapp,Fluxer,https://github.com/fluxerapp,https://fluxer.app,"Fluxer is a free and open source instant messaging and VoIP platform built for friends, groups, and communities.",https://avatars.githubusercontent.com/u/241304524?v=4,2026-01-01,2026-04-01,17.0,7778.0,76.78,99.93740219092332,1.0,1.0,5.0,0.0,33.07539074471346,1.0,,,,,
O_kgDOD_B45g,NuvioMedia,Nuvio Media,https://github.com/NuvioMedia,https://nuvioapp.space,Nuvio Media Player and Content Manager,https://avatars.githubusercontent.com/u/267417830?v=4,2026-01-01,2026-04-01,620.0,2416.0,2.8967741935483873,98.56372804729612,1.0,10.0,65.0,5.5,99.78930432117684,1.0,,,,,
O_kgDOD7KqFw,mnemox-ai,mnemox-ai,https://github.com/mnemox-ai,,Memory and compliance infrastructure for AI trading agents,https://avatars.githubusercontent.com/u/263367191?v=4,2026-01-01,2026-04-01,0.0,971.0,8.71,99.43661971830986,1.0,0.0,3.0,-0.4,,,0.0,9055.0,8.055,98.65530555185728,1.0
O_kgDOCrvAKQ,computerlovetech,computerlove.tech,https://github.com/computerlovetech,computerlove.tech,We help teams ship real software with AI — not just prototypes. Agentic engineering that works on complex internal codebases.,https://avatars.githubusercontent.com/u/180076585?v=4,2026-01-01,2026-04-01,3.0,421.0,3.21,98.6906624934794,1.0,1.0,5.0,0.0,33.07539074471346,1.0,0.0,22272.0,21.272,99.48076154972708,1.0
O_kgDODDaC2w,Agent-Field,AgentField,https://github.com/Agent-Field,www.agentfield.ai,,https://avatars.githubusercontent.com/u/204899035?v=4,2026-01-01,2026-04-01,239.0,2016.0,7.435146443514644,99.34620066075465,1.0,7.0,21.0,2.0,99.28746552252528,1.0,72711.0,115472.0,0.5880953363315041,91.85195047264013,1.0
O_kgDOD2qAPw,voquill,Voquill,https://github.com/voquill,https://voquill.com/,Open source voice interfaces for everyone,https://avatars.githubusercontent.com/u/258637887?v=4,2026-01-01,2026-04-01,311.0,817.0,1.6270096463022508,97.88210745957224,1.0,6.0,17.0,1.8333333333333333,99.2491572172847,1.0,0.0,5960.0,4.96,98.0029290374118,1.0
O_kgDOD0hqRg,backbay-labs,Backbay Industries,https://github.com/backbay-labs,backbay.io,,https://avatars.githubusercontent.com/u/256404038?v=4,2026-01-01,2026-04-01,0.0,273.0,1.73,97.96035472091808,1.0,0.0,2.0,-0.6,,,0.0,34197.0,33.197,99.64052722673412,1.0
O_kgDODSAIdA,memovai,MemoV,https://github.com/memovai,,Collaborative Memory Unifies People and AI Agents,https://avatars.githubusercontent.com/u/220203124?v=4,2026-01-01,2026-04-01,70.0,5303.0,52.03,99.91653625456442,1.0,3.0,6.0,0.2,91.87863928899786,1.0,,,,,
O_kgDOEAwfgA,fallow-rs,fallow,https://github.com/fallow-rs,,Dead code and duplication analyzer for JS/TS. Built in Rust,https://avatars.githubusercontent.com/u/269229952?v=4,2026-01-01,2026-04-01,0.0,189.0,0.89,96.95009563554164,1.0,0.0,2.0,-0.6,,,0.0,49278.0,48.278,99.74703767807216,1.0
O_kgDOCe88Jw,Versatly,Versatly HQ,https://github.com/Versatly,https://versatly.com,,https://avatars.githubusercontent.com/u/166673447?v=4,2026-01-01,2026-04-01,0.0,605.0,5.05,99.09928708050774,1.0,,9.0,,,,0.0,14008.0,13.008,99.20117161496472,1.0
MDEyOk9yZ2FuaXphdGlvbjgwNDY1OTQ2,vstorm-co,Vstorm,https://github.com/vstorm-co,vstorm.co,We are the Leading Agentic AI Engineering Consultancy Boutique,https://avatars.githubusercontent.com/u/80465946?v=4,2026-01-01,2026-04-01,406.0,1610.0,2.9655172413793105,98.59154929577466,1.0,2.0,10.0,1.0,98.54811523138216,1.0,15468.0,101604.0,5.568657874321179,98.25589135933964,1.0
O_kgDOCm3SFg,ChatPRD,ChatPRD,https://github.com/ChatPRD,,,https://avatars.githubusercontent.com/u/174969366?v=4,2026-01-01,2026-04-01,0.0,1181.0,10.81,99.5357329160146,1.0,0.0,15.0,2.0,99.28746552252528,1.0,,,,,
O_kgDOD4Ym_w,TableProApp,TablePro,https://github.com/TableProApp,https://tablepro.app,Native macOS client for every database,https://avatars.githubusercontent.com/u/260450047?v=4,2026-01-01,2026-04-01,0.0,1908.0,18.08,99.71483220309511,1.0,1.0,11.0,1.2,98.76647257125344,1.0,,,,,
O_kgDODMC_sQ,Hawksight-AI,Hawksight AI,https://github.com/Hawksight-AI,,"An open-source AI research lab advancing ethical, transparent, and community-driven intelligence systems across domains—ensuring truth, trust, and accessibility",https://avatars.githubusercontent.com/u/213958577?v=4,2026-01-01,2026-04-01,160.0,937.0,4.85625,99.04016692749089,1.0,1.0,13.0,1.6,99.0959239963224,1.0,5436.0,14527.0,1.6723693892568066,95.93928904273731,1.0
O_kgDODy__QQ,OpenWhispr,OpenWhispr,https://github.com/OpenWhispr,https://openwhispr.com,,https://avatars.githubusercontent.com/u/254803777?v=4,2026-01-01,2026-04-01,611.0,2204.0,2.607201309328969,98.42809946096332,1.0,5.0,31.0,5.2,99.77781182960466,1.0,,,,,
O_kgDOCq6ZAg,jentic,jentic,https://github.com/jentic,,,https://avatars.githubusercontent.com/u/179214594?v=4,2026-01-01,2026-04-01,208.0,336.0,0.6153846153846154,96.2563032516084,1.0,3.0,12.0,1.4,98.9235366227398,1.0,0.0,11947.0,10.947,98.96152309945413,1.0
O_kgDOD7H71w,lifo-sh,lifo-sh,https://github.com/lifo-sh,,,https://avatars.githubusercontent.com/u/263322583?v=4,2026-01-01,2026-04-01,0.0,476.0,3.76,98.81759693966266,1.0,0.0,5.0,0.0,33.07539074471346,1.0,0.0,16550.0,15.55,99.30768206630276,1.0
O_kgDOB542tA,localgpt-app,LocalGPT,https://github.com/localgpt-app,localgpt.app,"Local AI assistant, dreaming explorable worlds.",https://avatars.githubusercontent.com/u/127809204?v=4,2026-01-01,2026-04-01,0.0,1106.0,10.06,99.50617283950616,1.0,2.0,11.0,1.2,98.76647257125344,1.0,1662.0,2757.0,0.6588447653429603,92.46438556783384,1.0
O_kgDODvtnuA,vbgate,vbgate,https://github.com/vbgate,,,https://avatars.githubusercontent.com/u/251357112?v=4,2026-01-01,2026-04-01,0.0,1486.0,13.86,99.65223439401844,1.0,0.0,4.0,-0.2,,,0.0,4656.0,3.656,97.55025961922512,1.0
O_kgDODVgItw,covibes,Covibes,https://github.com/covibes,https://covibes.ai,The multiplayer AI workspace.,https://avatars.githubusercontent.com/u/223873207?v=4,2026-01-01,2026-04-01,2.0,1341.0,12.41,99.6000695531212,1.0,2.0,6.0,0.2,91.87863928899786,1.0,1192.0,4453.0,2.735738255033557,96.99107974970045,1.0
O_kgDODzdOoA,Claude-Workspace,Claude Workspace,https://github.com/Claude-Workspace,,,https://avatars.githubusercontent.com/u/255282848?v=4,2026-01-01,2026-04-01,0.0,325.0,2.25,98.2942097026604,1.0,0.0,8.0,0.6,97.62488507508428,1.0,0.0,10143.0,9.143,98.78844361602982,1.0
O_kgDOD4OttA,Trusera,trusera,https://github.com/Trusera,trusera.dev,Building The Trush mesh of AI,https://avatars.githubusercontent.com/u/260287924?v=4,2026-01-01,2026-04-01,0.0,182.0,0.82,96.81794470526864,1.0,0.0,8.0,0.6,97.62488507508428,1.0,0.0,17961.0,16.961,99.38756490480628,1.0
O_kgDOC47iew,verygoodplugins,Very Good Plugins,https://github.com/verygoodplugins,https://verygoodplugins.com,Purveyors of handcrafted code products 🎨,https://avatars.githubusercontent.com/u/193913467?v=4,2026-01-01,2026-04-01,78.0,704.0,6.04,99.21752738654148,1.0,4.0,9.0,0.8,98.2110021452651,1.0,1323.0,4491.0,2.3945578231292517,96.75143123418984,1.0
O_kgDODcSsuQ,SuanmoSuanyangTechnology,Suan Mo Suan YangTechnology,https://github.com/SuanmoSuanyangTechnology,https://www.memorybear.ai/,,https://avatars.githubusercontent.com/u/230993081?v=4,2026-01-01,2026-04-01,55.0,2911.0,28.11,99.83307250912884,1.0,6.0,9.0,0.5,97.14220042905302,1.0,,,,,
O_kgDOD2YiQw,datascale-ai,datascale-ai,https://github.com/datascale-ai,,,https://avatars.githubusercontent.com/u/258351683?v=4,2026-01-01,2026-04-01,0.0,1351.0,12.51,99.61050252130065,1.0,0.0,12.0,1.4,98.9235366227398,1.0,,,,,
O_kgDODGRYcA,earendil-works,Earendil Works,https://github.com/earendil-works,https://earendil.com/,Bearer of Light,https://avatars.githubusercontent.com/u/207902832?v=4,2026-01-01,2026-04-01,852.0,2244.0,1.6338028169014085,97.88906277169188,1.0,12.0,18.0,0.5,97.14220042905302,1.0,1521.0,19846.0,12.047994740302432,99.05471974437492,1.0
O_kgDOEDWAbw,repowise-dev,Repowise,https://github.com/repowise-dev,https://repowise.dev,"repowise generates and maintains a structured, hierarchical wiki for any codebase. Uses advanced graph algorithms to carefully capture relationships in codebase",https://avatars.githubusercontent.com/u/271941743?v=4,2026-01-01,2026-04-01,0.0,1055.0,9.55,99.48009041905756,1.0,0.0,5.0,0.0,33.07539074471346,1.0,0.0,5877.0,4.877,97.94967381174276,1.0
O_kgDODQiGgg,NateBJones-Projects,NateBJones-Projects,https://github.com/NateBJones-Projects,,,https://avatars.githubusercontent.com/u/218662530?v=4,2026-01-01,2026-04-01,0.0,1184.0,10.84,99.54094940010432,1.0,0.0,13.0,1.6,99.0959239963224,1.0,,,,,
O_kgDOC21jNg,open-saas-directory,Open Saas Directory,https://github.com/open-saas-directory,https://opensaas.directory,Discover and explore the best open-source SaaS projects from GitHub.,https://avatars.githubusercontent.com/u/191718198?v=4,2026-01-01,2026-04-01,2.0,701.0,6.01,99.21057207442183,1.0,1.0,18.0,2.6,99.467514557156,1.0,,,,,
O_kgDODhzS1Q,always-further,Always Further,https://github.com/always-further,https://alwaysfurther.ai,New Threat Model - New Paradigm - We're Defining It,https://avatars.githubusercontent.com/u/236770005?v=4,2026-01-01,2026-04-01,773.0,2472.0,2.1979301423027167,98.2716049382716,1.0,8.0,40.0,4.0,99.6935335580754,1.0,52905.0,69477.0,0.3132407144882336,85.74091332712023,1.0
O_kgDODRzQ7w,LetsFG,LetsFG,https://github.com/LetsFG,https://letsfg.co/,Make everyone feel like they're your only customer,https://avatars.githubusercontent.com/u/219992303?v=4,2026-01-01,2026-04-01,0.0,182.0,0.82,96.81794470526864,1.0,0.0,2.0,-0.6,,,0.0,38288.0,37.288,99.69378245240314,1.0
O_kgDOC5easg,AI45Lab,OpenAI45Lab,https://github.com/AI45Lab,,,https://avatars.githubusercontent.com/u/194484914?v=4,2026-01-01,2026-04-01,141.0,1525.0,9.815602836879432,99.49573987132672,1.0,8.0,20.0,1.5,99.01164572479314,1.0,0.0,1129.0,0.129,69.71109040074556,1.0
O_kgDODpIBiw,boxlite-ai,BoxLite,https://github.com/boxlite-ai,,The AI agent infrastructure company. Building the backbone for the next billion users.,https://avatars.githubusercontent.com/u/244449675?v=4,2026-01-01,2026-04-01,359.0,1722.0,3.796657381615599,98.83150756390194,1.0,2.0,16.0,2.2,99.35258964143426,1.0,59587.0,102637.0,0.7224730226391662,92.94368259885502,1.0
O_kgDOD66QFA,OpenLAIR,Lehigh AI Research Lab (LAIR),https://github.com/OpenLAIR,,,https://avatars.githubusercontent.com/u/263098388?v=4,2026-01-01,2026-04-01,0.0,793.0,6.93,99.29751347591724,1.0,0.0,16.0,2.2,99.35258964143426,1.0,,,,,
O_kgDODH5oEQ,macaly,Macaly,https://github.com/macaly,https://www.macaly.com/,,https://avatars.githubusercontent.com/u/209610769?v=4,2026-01-01,2026-04-01,0.0,1031.0,9.31,99.4679186228482,1.0,0.0,2.0,-0.6,,,0.0,5460.0,4.46,97.86979097323923,1.0
O_kgDODFP-ZQ,alpic-ai,Alpic,https://github.com/alpic-ai,https://www.alpic.ai,MCP cloud platform,https://avatars.githubusercontent.com/u/206831205?v=4,2026-01-01,2026-04-01,435.0,1059.0,1.4344827586206896,97.72909059294037,1.0,14.0,25.0,0.7857142857142857,98.09607722954335,1.0,55900.0,531720.0,8.511985688729874,98.7085607775263,1.0
O_kgDODBP-bA,agent-infra,Agent Infra,https://github.com/agent-infra,,,https://avatars.githubusercontent.com/u/202636908?v=4,2026-01-01,2026-04-01,0.0,1874.0,17.74,99.70787689097548,1.0,,4.0,,,,67678.0,190280.0,1.8115488046337067,96.16562375183064,1.0
O_kgDODgfJ8g,skyhook-io,Skyhook,https://github.com/skyhook-io,www.skyhook.io,,https://avatars.githubusercontent.com/u/235391474?v=4,2026-01-01,2026-04-01,0.0,1196.0,10.96,99.54790471222395,1.0,0.0,12.0,1.4,98.9235366227398,1.0,,,,,
O_kgDOD8pwvg,turnstonelabs,turnstonelabs,https://github.com/turnstonelabs,,,https://avatars.githubusercontent.com/u/264925374?v=4,2026-01-01,2026-04-01,0.0,299.0,1.99,98.12206572769952,1.0,0.0,2.0,-0.6,,,0.0,19345.0,18.345,99.4408201304753,1.0
O_kgDOCDEwxQ,RevylAI,Revyl AI,https://github.com/RevylAI,https://revyl.com/,Catch bugs before your users do ,https://avatars.githubusercontent.com/u/137441477?v=4,2026-01-01,2026-04-01,0.0,1652.0,15.52,99.68701095461658,1.0,5.0,5.0,0.0,33.07539074471346,1.0,0.0,3002.0,2.002,96.36533084808949,1.0
O_kgDOD9fGNQ,loongclaw-ai,LoongClaw,https://github.com/loongclaw-ai,https://loongclaw.ai,"Originated from the East, here to benefit the world. 发轫于东，以会群友。",https://avatars.githubusercontent.com/u/265799221?v=4,2026-01-01,2026-04-01,0.0,499.0,3.99,98.88019474873934,1.0,0.0,20.0,3.0,99.51731535396874,1.0,,,,,
O_kgDODad3og,generalaction,General Action,https://github.com/generalaction,https://generalaction.com,,https://avatars.githubusercontent.com/u/229078946?v=4,2026-01-01,2026-04-01,908.0,3665.0,3.0363436123348015,98.62632585637282,1.0,18.0,82.0,3.5555555555555554,99.62457860864237,1.0,,,,,
O_kgDOCaJtkQ,fastino-ai,Fastino Labs,https://github.com/fastino-ai,fastino.ai,,https://avatars.githubusercontent.com/u/161639825?v=4,2026-01-01,2026-04-01,438.0,1308.0,1.9863013698630136,98.1185880716397,1.0,2.0,6.0,0.2,91.87863928899786,1.0,24715.0,337780.0,12.667003843819543,99.1745440021302,1.0
MDEyOk9yZ2FuaXphdGlvbjY2NjI4MjA2,datagouv,data.gouv.fr,https://github.com/datagouv,https://www.data.gouv.fr,Dépôts de code de l'équipe datagouv,https://avatars.githubusercontent.com/u/66628206?v=4,2026-01-01,2026-04-01,25.0,1107.0,10.07,99.509650495566,1.0,1.0,12.0,1.4,98.9235366227398,1.0,,,,,
O_kgDODp0cNQ,enulus,Enulus,https://github.com/enulus,enulus.com,,https://avatars.githubusercontent.com/u/245177397?v=4,2026-01-01,2026-04-01,43.0,490.0,3.9,98.86106764041035,1.0,2.0,7.0,0.4,96.3032485442844,1.0,536.0,6064.0,5.064,98.0561842630808,1.0
O_kgDOD7cA-w,monogram-android,MonoGram,https://github.com/monogram-android,https://t.me/monogram_android,We do MonoGram Android,https://avatars.githubusercontent.com/u/263651579?v=4,2026-01-01,2026-04-01,0.0,480.0,3.8,98.83672404799164,1.0,0.0,20.0,3.0,99.51731535396874,1.0,,,,,
MDEyOk9yZ2FuaXphdGlvbjg0NTA1MDk2,synergycodes,Synergy Codes,https://github.com/synergycodes,https://www.synergycodes.com/,Diagramming & Data Visualization Experts,https://avatars.githubusercontent.com/u/84505096?v=4,2026-01-01,2026-04-01,143.0,643.0,3.4965034965034967,98.754999130586,1.0,16.0,19.0,0.1875,90.59531106343856,1.0,1617.0,13921.0,7.609152752009895,98.60205032618826,1.0
MDEyOk9yZ2FuaXphdGlvbjUwMDM5NTkz,thoughtfulllc,Thoughtful,https://github.com/thoughtfulllc,https://thoughtful.llc,Pushing boundaries.,https://avatars.githubusercontent.com/u/50039593?v=4,2026-01-01,2026-04-01,0.0,235.0,1.35,97.64388801947489,1.0,0.0,2.0,-0.6,,,0.0,23278.0,22.278,99.52070296897884,1.0
O_kgDOCB00aQ,pensarai,Pensar,https://github.com/pensarai,pensarai.com,"Building autonomous, on-demand penetration testing tools that run in your terminal or the cloud.",https://avatars.githubusercontent.com/u/136131689?v=4,2026-01-01,2026-04-01,160.0,361.0,1.25625,97.55173013388976,1.0,4.0,10.0,1.0,98.54811523138216,1.0,4951.0,35757.0,6.222177337911533,98.41565703634669,1.0
O_kgDOD4s2sQ,pinchbench,PinchBench,https://github.com/pinchbench,https://pinchbench.com,,https://avatars.githubusercontent.com/u/260781745?v=4,2026-01-01,2026-04-01,0.0,929.0,8.29,99.41575378195095,1.0,0.0,13.0,1.6,99.0959239963224,1.0,,,,,
O_kgDODt6fsQ,everruns,everruns,https://github.com/everruns,,,https://avatars.githubusercontent.com/u/249470897?v=4,2026-01-01,2026-04-01,0.0,104.0,0.04,69.85741610154756,1.0,0.0,4.0,-0.2,,,0.0,54824.0,53.824,99.77366529090666,1.0
O_kgDOChYmPA,ghostty-org,Ghostty,https://github.com/ghostty-org,https://ghostty.org,"A new terminal, started by @mitchellh 👻",https://avatars.githubusercontent.com/u/169223740?v=4,2026-01-01,2026-04-01,498.0,8093.0,15.251004016064256,99.67657798643714,1.0,117.0,213.0,0.8205128205128205,98.34508121360712,1.0,,,,,
O_kgDOD_XguQ,grimmory-tools,Grimmory,https://github.com/grimmory-tools,https://grimmory.org,Grimmory is an independent community fork of Booklore.,https://avatars.githubusercontent.com/u/267772089?v=4,2026-01-01,2026-04-01,0.0,2115.0,20.15,99.73917579551384,1.0,71.0,108.0,0.5211267605633803,97.2877719889672,1.0,,,,,
O_kgDODStZRQ,cisco-ai-defense,Cisco AI Defense,https://github.com/cisco-ai-defense,https://cisco-ai-defense.github.io/,Open Source projects for the Cisco AI Defense community,https://avatars.githubusercontent.com/u/220944709?v=4,2026-01-01,2026-04-01,805.0,3067.0,2.809937888198758,98.52547383063816,1.0,25.0,46.0,0.84,98.38338951884768,1.0,28460.0,129452.0,3.548559381588194,97.49700439355613,1.0
MDEyOk9yZ2FuaXphdGlvbjQ2NjM2OTk=,Finsys,Finsys,https://github.com/Finsys,,,https://avatars.githubusercontent.com/u/4663699?v=4,2026-01-01,2026-04-01,290.0,3919.0,12.513793103448275,99.61398017736046,1.0,1.0,10.0,1.0,98.54811523138216,1.0,,,,,
O_kgDOD8m6Vg,LCEMP,LCEMP,https://github.com/LCEMP,,,https://avatars.githubusercontent.com/u/264878678?v=4,2026-01-01,2026-04-01,0.0,877.0,7.77,99.3809772213528,1.0,0.0,13.0,1.6,99.0959239963224,1.0,,,,,
O_kgDODnYJ9Q,TrustTunnel,TrustTunnel,https://github.com/TrustTunnel,https://trusttunnel.org/,TrustTunnel - new modern VPN protocol developed by AdGuard,https://avatars.githubusercontent.com/u/242616821?v=4,2026-01-01,2026-04-01,0.0,2958.0,28.58,99.8435054773083,1.0,14.0,17.0,0.2142857142857142,93.09301256512413,1.0,,,,,
O_kgDOEABjtA,tomehq,Tome,https://github.com/tomehq,tome.center,We make beautiful documentation,https://avatars.githubusercontent.com/u/268460980?v=4,2026-01-01,2026-04-01,0.0,359.0,2.59,98.4246218049035,1.0,0.0,2.0,-0.6,,,0.0,13408.0,12.408,99.13460258287844,1.0
MDEyOk9yZ2FuaXphdGlvbjgyODM0ODc4,simplyblock,simplyblock,https://github.com/simplyblock,https://simplyblock.io/,NVMe/TCP Kubernetes Storage,https://avatars.githubusercontent.com/u/82834878?v=4,2026-01-01,2026-04-01,166.0,241.0,0.4518072289156626,95.48252477829942,1.0,1294.0,1295.0,0.0007727975270479,66.16610481152314,1.0,0.0,35492.0,34.492,99.65384103315138,1.0
O_kgDOD_suNQ,Claw-Company,Claw-Company,https://github.com/Claw-Company,,,https://avatars.githubusercontent.com/u/268119605?v=4,2026-01-01,2026-04-01,0.0,914.0,8.14,99.4018431577117,1.0,,,,,,0.0,4871.0,3.871,97.69671148981492,1.0
O_kgDODWKleA,RustedBytes,RustedBytes,https://github.com/RustedBytes,,Oxidizing bits and bytes in computers,https://avatars.githubusercontent.com/u/224568696?v=4,2026-01-01,2026-04-01,0.0,101.0,0.01,37.26656233698487,1.0,0.0,1.0,-0.8,,,0.0,52103.0,51.103,99.76035148448942,1.0
O_kgDOC7S7lw,Tracer-Cloud,Tracer,https://github.com/Tracer-Cloud,https://www.tracer.cloud,,https://avatars.githubusercontent.com/u/196393879?v=4,2026-01-01,2026-04-01,0.0,425.0,3.25,98.70283428968877,1.0,0.0,20.0,3.0,99.51731535396874,1.0,,,,,
MDEyOk9yZ2FuaXphdGlvbjExNjU0NTU3,z-lab,Z Lab,https://github.com/z-lab,https://z-lab.ai,Efficient AI. PI: Zhijian Liu,https://avatars.githubusercontent.com/u/11654557?v=4,2026-01-01,2026-04-01,2.0,863.0,7.63,99.3566336289341,1.0,4.0,5.0,0.0,33.07539074471346,1.0,0.0,5061.0,4.061,97.74996671548396,1.0
MDEyOk9yZ2FuaXphdGlvbjQyMTY1MTAz,qingchencloud,晴辰云,https://github.com/qingchencloud,qingchencloud.com,,https://avatars.githubusercontent.com/u/42165103?v=4,2026-01-01,2026-04-01,0.0,2253.0,21.53,99.76351938793252,1.0,0.0,7.0,0.4,96.3032485442844,1.0,,,,,
MDEyOk9yZ2FuaXphdGlvbjM5MTk0MjUx,vxcontrol,VXControl,https://github.com/vxcontrol,https://vxcontrol.com,,https://avatars.githubusercontent.com/u/39194251?v=4,2026-01-01,2026-04-01,895.0,12809.0,13.31173184357542,99.63484611371936,1.0,7.0,13.0,0.8571428571428571,98.39488201041986,1.0,,,,,
O_kgDODvBWiQ,Vuemony,Vuemony,https://github.com/Vuemony,,,https://avatars.githubusercontent.com/u/250631817?v=4,2026-01-01,2026-04-01,0.0,739.0,6.39,99.24882629107982,1.0,5.0,14.0,1.8,99.20701808152008,1.0,,,,,
O_kgDOD2BWMw,clawdbot-ai,clawdbot-ai,https://github.com/clawdbot-ai,,,https://avatars.githubusercontent.com/u/257971763?v=4,2026-01-01,2026-04-01,0.0,3804.0,37.04,99.87828203790644,1.0,0.0,1.0,-0.8,,,,,,,
O_kgDOD6wMow,pockebot,openpocket,https://github.com/pockebot,openpocket.ai,"OpenPocket is an open source phone use agent framework that runs locally, with privacy first. 🐹",https://avatars.githubusercontent.com/u/262933667?v=4,2026-01-01,2026-04-01,0.0,825.0,7.25,99.32533472439576,1.0,0.0,13.0,1.6,99.0959239963224,1.0,,,,,
O_kgDOD1yimg,its-maestro-baby,Maestro,https://github.com/its-maestro-baby,,,https://avatars.githubusercontent.com/u/257729178?v=4,2026-01-01,2026-04-01,0.0,931.0,8.31,99.41923143801078,1.0,0.0,12.0,1.4,98.9235366227398,1.0,,,,,
MDEyOk9yZ2FuaXphdGlvbjY4OTMwNzc=,pixlcore,PixlCore LLC,https://github.com/pixlcore,https://pixlcore.com,Makers of xyOps and Cronicle,https://avatars.githubusercontent.com/u/6893077?v=4,2026-01-01,2026-04-01,17.0,3763.0,36.63,99.87480438184664,1.0,1.0,1.0,-0.8,,,577.0,597.0,-0.403,,
O_kgDOCg8waQ,SuperCmdLabs,SuperCmd,https://github.com/SuperCmdLabs,https://supercmd.sh,How apple intelligence should have been,https://avatars.githubusercontent.com/u/168767593?v=4,2026-01-01,2026-04-01,0.0,1465.0,13.65,99.64180142583898,1.0,0.0,9.0,0.8,98.2110021452651,1.0,,,,,
O_kgDOC64qgA,temporal-community,Temporal Community,https://github.com/temporal-community,https://temporal.io/,This organization hosts code samples and other projects for the Temporal Community. Repos in this organization have no guarantee of support or maintenance.,https://avatars.githubusercontent.com/u/195963520?v=4,2026-01-01,2026-04-01,579.0,660.0,0.1398963730569948,90.2660406885759,1.0,10.0,11.0,0.1,82.2211155378486,1.0,4584.0,166835.0,35.39506980802793,99.66715483956862,1.0
O_kgDODWBd3w,rexglue,rexglue,https://github.com/rexglue,,,https://avatars.githubusercontent.com/u/224419295?v=4,2026-01-01,2026-04-01,0.0,526.0,4.26,98.94279255781603,1.0,0.0,17.0,2.4,99.40622126877106,1.0,,,,,
O_kgDOBk-gqg,chroma-core,Chroma,https://github.com/chroma-core,trychroma.com,,https://avatars.githubusercontent.com/u/105881770?v=4,2026-01-01,2026-04-01,567.0,2475.0,3.365079365079365,98.72022256998784,1.0,10.0,32.0,2.2,99.35258964143426,1.0,8333945.0,11260084.0,0.3511109084593191,87.03235254959392,1.0
