owner_id,owner_login,owner_name,owner_url,homepage_url,owner_description,owner_logo,quarter_start,quarter_end,github_stars_start,github_stars_end,github_stars_growth_rate,github_stars_growth_percentile,github_stars_final_weight,github_contributors_start,github_contributors_end,github_contributors_growth_rate,github_contributors_growth_percentile,github_contributors_final_weight,npm_downloads_start,npm_downloads_end,npm_downloads_growth_rate,npm_downloads_growth_percentile,npm_downloads_final_weight,pypi_downloads_start,pypi_downloads_end,pypi_downloads_growth_rate,pypi_downloads_growth_percentile,pypi_downloads_final_weight,cargo_downloads_start,cargo_downloads_end,cargo_downloads_growth_rate,cargo_downloads_growth_percentile,cargo_downloads_final_weight
O_kgDODxG9fw,openclaw,openclaw,https://github.com/openclaw,https://openclaw.ai,"Your personal, open source AI assistant.",https://avatars.githubusercontent.com/u/252820863?v=4,2026-01-01,2026-04-01,3505.0,356876.0,100.8191155492154,100.0,0.369842545630423,29.0,1246.0,41.96551724137931,100.0,0.3659171968587829,264842.0,2150924.0,7.121536614283233,95.91078066914498,0.2642402575107941,,,,,,,,,,
O_kgDOD4bFfQ,gsd-build,GSD,https://github.com/gsd-build,https://gsd.build,,https://avatars.githubusercontent.com/u/260490621?v=4,2026-01-01,2026-04-01,1123.0,47527.0,41.32146037399822,99.9920760697306,0.439466770195134,20.0,146.0,6.3,99.9541914796152,0.3710772742677686,843.0,82196.0,81.196,99.36802973977696,0.1894559555370973,,,,,,,,,,
O_kgDOD5sO9A,zeroclaw-labs,ZeroClaw Labs,https://github.com/zeroclaw-labs,www.zeroclawlabs.ai,Personal AI Private Assistant,https://avatars.githubusercontent.com/u/261820148?v=4,2026-01-01,2026-04-01,1094.0,29063.0,25.56581352833638,99.98415213946116,0.5196963245285283,5.0,198.0,18.8,99.9885478699038,0.4803036754714718,,,,,,,,,,,34.0,167.0,-0.833,,
O_kgDOCtk5kQ,KeygraphHQ,Keygraph,https://github.com/KeygraphHQ,https://keygraph.io/,"Open source AI Pentester, part of the broader AppSec platform (Shannon Pro)",https://avatars.githubusercontent.com/u/182008209?v=4,2026-01-01,2026-04-01,2979.0,34790.0,10.678415575696542,99.97622820919176,1.0,3.0,6.0,-0.4,,,471.0,569.0,-0.431,,,,,,,,,,,,
O_kgDODlKKEQ,lingdojo,lingdojo,https://github.com/lingdojo,https://kanadojo.com,"Building aesthetic, open-source, community-driven language-learning solutions.",https://avatars.githubusercontent.com/u/240290321?v=4,2026-01-01,2026-04-01,1162.0,1928.0,0.6592082616179001,99.02535657686212,0.2250167028162492,55.0,959.0,16.436363636363637,99.9770957398076,0.7749832971837507,,,,,,,,,,,,,,,
O_kgDOCvDOew,canopy-network,Canopy Network,https://github.com/canopy-network,https://canopynetwork.org,A mesh security network and a building framework for Web3 developers that eliminates the need for layers and guarantees sovereignty,https://avatars.githubusercontent.com/u/183553659?v=4,2026-01-01,2026-04-01,1081.0,8310.0,6.687326549491212,99.95245641838352,0.957989815031212,10.0,11.0,0.1,83.61200183234081,0.0420101849687881,,,,,,,,,,,,,,,
O_kgDOCo0qrw,tadata-org,Tadata,https://github.com/tadata-org,https://tadata.com/,Help Developers and Their AI Agents Use Your Product,https://avatars.githubusercontent.com/u/177023663?v=4,2026-01-01,2026-04-01,11313.0,11784.0,0.0416335189604879,72.69413629160063,0.3846573218842662,15.0,15.0,0.0,17.951213925790196,0.0151813737620846,,,,,,42895.0,18514831.0,430.63144888681666,100.0,0.6001613043536491,,,,,
O_kgDODFmiUw,datahaven-xyz,datahaven-xyz,https://github.com/datahaven-xyz,,,https://avatars.githubusercontent.com/u/207200851?v=4,2026-01-01,2026-04-01,1082.0,8793.0,7.126617375231054,99.96038034865292,0.8228769352515782,16.0,18.0,0.125,87.86646816307834,0.1771230647484217,,,,,,,,,,,,,,,
O_kgDOD5oOAA,pinchtab,Pinchtab,https://github.com/pinchtab,https://pinchtab.com,Browser control for AI agents. 12MB Go binary. HTTP API. Accessibility-first. 🦀,https://avatars.githubusercontent.com/u/261754368?v=4,2026-01-01,2026-04-01,1010.0,8317.0,7.234653465346534,99.96830427892236,0.7789205339877827,2.0,19.0,0.9,99.20407695831425,0.2092275121931662,378.0,1911.0,0.911,20.557620817843866,0.0118519538190511,,,,,,,,,,
O_kgDOB_0pVg,llm-jp,llm-jp,https://github.com/llm-jp,https://llm-jp.nii.ac.jp/,,https://avatars.githubusercontent.com/u/134031702?v=4,2026-01-01,2026-04-01,1468.0,1509.0,0.0279291553133514,60.96671949286846,0.1262020889337469,32.0,33.0,0.03125,50.78447091158955,0.2368819466678584,383.0,270359.0,269.359,99.86988847583643,0.6369159643983946,,,,,,,,,,
MDEyOk9yZ2FuaXphdGlvbjM5MTk0MjUx,vxcontrol,VXControl,https://github.com/vxcontrol,https://vxcontrol.com,,https://avatars.githubusercontent.com/u/39194251?v=4,2026-01-01,2026-04-01,2219.0,13834.0,5.234339792699414,99.92076069730588,0.9084116513196682,7.0,13.0,0.3,96.54718277599632,0.0915883486803319,,,,,,,,,,,,,,,
O_kgDOB4tCVg,genlayerlabs,GenLayer Labs,https://github.com/genlayerlabs,https://genlayerlabs.com,"AI research lab dedicated to building technology in the pursuit of sovereignty, transparency, and decentralization.",https://avatars.githubusercontent.com/u/126566998?v=4,2026-01-01,2026-04-01,1369.0,7798.0,4.696128560993426,99.91283676703644,0.9848029818418936,12.0,12.0,0.0,17.951213925790196,0.0151970181581064,,,,,,186.0,171.0,-0.829,,,,,,,
O_kgDOB_wQQg,VectifyAI,Vectify AI,https://github.com/VectifyAI,https://vectify.ai,"Building next-gen Vectorless, Reasoning-based RAG",https://avatars.githubusercontent.com/u/133959746?v=4,2026-01-01,2026-04-01,4346.0,23437.0,4.392774965485504,99.90491283676704,1.0,5.0,9.0,-0.1,,,233.0,40.0,-0.96,,,,,,,,,,,,
O_kgDOBxDX6Q,different-ai,Different AI,https://github.com/different-ai,,Fun with LLMs,https://avatars.githubusercontent.com/u/118544361?v=4,2026-01-01,2026-04-01,1857.0,14227.0,6.661281637049004,99.9445324881141,0.5347563311528277,9.0,50.0,4.0,99.89693082913422,0.3381579526572356,7.0,9844.0,8.844,96.80297397769516,0.1270857161899367,24.0,15.0,-0.985,,,,,,,
O_kgDOBqBGOg,rust-boom,rust-boom,https://github.com/rust-boom,,,https://avatars.githubusercontent.com/u/111167034?v=4,2026-01-01,2026-04-01,1679.0,1711.0,0.0190589636688505,49.51664025356577,0.1442008070613934,1.0,1.0,-0.9,,,7747.0,1264748.0,162.25648638182523,99.70260223048328,0.8557991929386065,,,,,,,,,,
MDEyOk9yZ2FuaXphdGlvbjE2MDU3ODY3,intellij-rust,IntelliJ Rust,https://github.com/intellij-rust,,Umbrella organization for all the projects related to IntelliJ Rust plugin,https://avatars.githubusercontent.com/u/16057867?v=4,2026-01-01,2026-04-01,4554.0,4563.0,0.0019762845849802,9.001584786053883,0.0669297886092889,35.0,35.0,0.0,17.951213925790196,0.0913575176543574,7747.0,1264748.0,162.25648638182523,99.70260223048328,0.8417126937363536,,,,,,,,,,
O_kgDOB4xzCA,kroma-network,Kroma,https://github.com/kroma-network,https://kroma.network,Experience the Full Spectrum of Scaled Ethereum | Kroma is a Universal ZK rollup on Ethereum,https://avatars.githubusercontent.com/u/126645000?v=4,2026-01-01,2026-04-01,7773.0,7957.0,0.0236716840344783,56.141045958795566,0.3248880824638702,18.0,216.0,11.0,99.9656436097114,0.6751119175361298,0.0,12.0,-0.988,,,,,,,,,,,,
O_kgDOCKhK-A,iOfficeAI,OfficeAI,https://github.com/iOfficeAI,https://office-ai.net,Smart Office. Simple AI.,https://avatars.githubusercontent.com/u/145246968?v=4,2026-01-01,2026-04-01,3190.0,20845.0,5.5344827586206895,99.93660855784468,0.602485966460669,19.0,60.0,2.1578947368421053,99.77095739807604,0.397514033539331,,,,,,,,,,,,,,,
O_kgDOC47-tQ,Open-LLM-VTuber,Open-LLM-VTuber,https://github.com/Open-LLM-VTuber,https://open-llm-vtuber.github.io/,Open LLM VTuber Project,https://avatars.githubusercontent.com/u/193920693?v=4,2026-01-01,2026-04-01,5383.0,6312.0,0.1725803455322311,94.68304278922346,0.5242321089561303,27.0,27.0,0.0,17.951213925790196,0.0460351923004877,383.0,270359.0,269.359,99.86988847583643,0.4297326987433821,,,,,,,,,,
O_kgDOBXzWmA,OSU-NLP-Group,OSU Natural Language Processing,https://github.com/OSU-NLP-Group,,,https://avatars.githubusercontent.com/u/92067480?v=4,2026-01-01,2026-04-01,7595.0,8103.0,0.0668861092824226,83.1299524564184,0.4953983450173575,51.0,51.0,0.0,17.951213925790196,0.0774586507803134,383.0,270359.0,269.359,99.86988847583643,0.4271430042023289,204.0,381.0,-0.619,,,,,,,
O_kgDOD53rOw,nullclaw,NullClaw,https://github.com/nullclaw,,,https://avatars.githubusercontent.com/u/262007611?v=4,2026-01-01,2026-04-01,1460.0,6895.0,3.7226027397260273,99.8890649762282,0.5382425649886534,9.0,64.0,5.4,99.942739349519,0.4617574350113466,,,,,,,,,,,,,,,
O_kgDODSGzfA,BIT-DataLab,BIT-DataLab,https://github.com/BIT-DataLab,,"BIT-DataLab: Official repository of the Data Lab at the School of Computer Science, Beijing Institute of Technology. Led by Prof. Chengliang Chai.",https://avatars.githubusercontent.com/u/220312444?v=4,2026-01-01,2026-04-01,1416.0,5963.0,3.2111581920903953,99.84152139461172,1.0,4.0,8.0,-0.2,,,,,,,,,,,,,,,,,
O_kgDODpelEw,accomplish-ai,Accomplish,https://github.com/accomplish-ai,https://www.accomplish.ai,,https://avatars.githubusercontent.com/u/244819219?v=4,2026-01-01,2026-04-01,2445.0,9944.0,3.067075664621677,99.83359746434232,1.0,,22.0,,,,625.0,152.0,-0.848,,,,,,,,,,,,
O_kgDOCy4YdQ,tambo-ai,tambo ai,https://github.com/tambo-ai,tambo.co,Build AI assistants and agents in React with a few lines of code.,https://avatars.githubusercontent.com/u/187570293?v=4,2026-01-01,2026-04-01,1736.0,11104.0,5.3963133640553,99.92868462757528,0.5198154406388046,26.0,53.0,1.0384615384615383,99.32432432432432,0.3539071547178832,2716.0,11732.0,3.3195876288659796,86.46840148698884,0.1262774046433122,,,,,,,,,,
O_kgDOCcNTaw,eigent-ai,Eigent AI,https://github.com/eigent-ai,www.eigent.ai,The World's First Multi-agent Workforce,https://avatars.githubusercontent.com/u/163795819?v=4,2026-01-01,2026-04-01,2518.0,13291.0,4.278395552025417,99.89698890649764,0.5906577355568595,19.0,58.0,2.0526315789473686,99.72514887769124,0.4093422644431405,,,,,,,,,,,,,,,
O_kgDODjhTkA,K-Dense-AI,K-Dense,https://github.com/K-Dense-AI,www.k-dense.ai,,https://avatars.githubusercontent.com/u/238572432?v=4,2026-01-01,2026-04-01,4661.0,20352.0,3.366444968890796,99.85736925515056,0.7532823836630915,7.0,25.0,1.5,99.58772331653688,0.2467176163369085,,,,,,552.0,645.0,-0.355,,,,,,,
O_kgDODriGyA,nextlevelbuilder,Next Level Builder,https://github.com/nextlevelbuilder,https://nextlevelbuilder.io,From Zero to One Is Always the Hardest Part. We Can Take You There.,https://avatars.githubusercontent.com/u/246974152?v=4,2026-01-01,2026-04-01,14022.0,54529.0,2.8888175723862504,99.8256735340729,0.6303405338055685,9.0,55.0,4.5,99.9083829592304,0.3696594661944314,,,,,,,,,,,,,,,
O_kgDODPo_qQ,NevaMind-AI,NevaMind AI,https://github.com/NevaMind-AI,nevamind.ai,,https://avatars.githubusercontent.com/u/217726889?v=4,2026-01-01,2026-04-01,2956.0,13561.0,3.587618403247632,99.8811410459588,0.6710698624551106,15.0,35.0,1.3333333333333333,99.49610627576727,0.3288467229056668,,,,,,291.0,1054.0,0.054,1.677148846960168,8.341463922266614e-05,,,,,
MDEyOk9yZ2FuaXphdGlvbjMyOTY4OTY=,1sters,1sters,https://github.com/1sters,http://www.1sters.com,极客实验室,https://avatars.githubusercontent.com/u/3296896?v=4,2026-01-01,2026-04-01,1183.0,4260.0,2.6010143702451396,99.78605388272584,1.0,,,,,,,,,,,,,,,,,,,,
O_kgDODyAx1Q,OpenHub-Store,GitHub Store,https://github.com/OpenHub-Store,https://www.github-store.org," A free, open-source app store for GitHub releases — browse, discover, and install apps with one click.",https://avatars.githubusercontent.com/u/253768149?v=4,2026-01-01,2026-04-01,2696.0,9853.0,2.654673590504451,99.80190174326464,0.9297065782668276,3.0,12.0,0.2,93.82157581310123,0.0702934217331722,,,,,,,,,,,,,,,
MDEyOk9yZ2FuaXphdGlvbjg1NzQwMDUx,sail-sg,Sea AI Lab,https://github.com/sail-sg,https://sail.sea.com,,https://avatars.githubusercontent.com/u/85740051?v=4,2026-01-01,2026-04-01,12191.0,14254.0,0.1692231974407349,94.52456418383518,0.4507996894023146,54.0,58.0,0.074074074074074,75.12597343105818,0.2458645335965276,383.0,270359.0,269.359,99.86988847583643,0.3019372524034444,255.0,1280.0,0.28,9.713487071977635,0.0013985245977135,,,,,
O_kgDODRD9qA,mindfold-ai,mindfold-ai,https://github.com/mindfold-ai,,,https://avatars.githubusercontent.com/u/219217320?v=4,2026-01-01,2026-04-01,1225.0,4340.0,2.5428571428571427,99.770206022187,0.9452320718326044,3.0,11.0,0.1,83.61200183234081,0.0532049811437846,321.0,1235.0,0.235,5.037174721189591,0.001562947023611,,,,,,,,,,
O_kgDOBiOJ0A,protectai,Protect AI,https://github.com/protectai,https://protectai.com,Securing ML,https://avatars.githubusercontent.com/u/102992336?v=4,2026-01-01,2026-04-01,8511.0,9168.0,0.077194219245682,85.64976228209191,0.376622768404212,53.0,54.0,0.0188679245283018,41.8575355016033,0.1328041685135978,330.0,270710.0,269.71,99.9628252788104,0.3047060556553356,37126.0,94644.0,1.5492646662716156,58.700209643605874,0.1858670074268546,,,,,
O_kgDODePQuw,router-for-me,Router-For.ME,https://github.com/router-for-me,,,https://avatars.githubusercontent.com/u/233033915?v=4,2026-01-01,2026-04-01,5013.0,22821.0,3.552363853979653,99.8732171156894,0.5337591133314229,46.0,133.0,1.891304347826087,99.67934035730646,0.4662408866685772,,,,,,,,,,,,,,,
O_kgDOB5Ytng,InternRobotics,Intern Robotics,https://github.com/InternRobotics,https://internrobotics.shlab.org.cn,"Building inclusive infrastructure for Embodied AI, from Shanghai AI Lab.",https://avatars.githubusercontent.com/u/127282590?v=4,2026-01-01,2026-04-01,10680.0,12415.0,0.1624531835205992,94.22345483359746,0.4209749388601416,75.0,81.0,0.08,77.37631699496106,0.2826427638332314,348.0,271939.0,270.939,100.0,0.2909048646280386,98.0,231.0,-0.769,,,392.0,2172.0,1.172,10.129870129870133,0.0054774326785882
MDEyOk9yZ2FuaXphdGlvbjE0NjMxNDI1,rust-lang-nursery,rust-lang-nursery,https://github.com/rust-lang-nursery,,,https://avatars.githubusercontent.com/u/14631425?v=4,2026-01-01,2026-04-01,2604.0,2652.0,0.0184331797235023,48.585578446909665,0.1411148967487728,35.0,36.0,0.0285714285714285,48.80897846999542,0.1440145671536257,7747.0,1264748.0,162.25648638182523,99.70260223048328,0.4761281103187708,,,,,,45948.0,432738.0,8.417994254374511,43.896103896103895,0.2387424257788306
O_kgDOCHdKXA,withcatai,Catai,https://github.com/withcatai,,Run AI models locally on your machine with Node.js,https://avatars.githubusercontent.com/u/142035548?v=4,2026-01-01,2026-04-01,2292.0,2449.0,0.0684991273996509,83.59746434231378,0.2742864947695963,11.0,13.0,0.1818181818181818,92.9283096655978,0.0693877572836641,33751.0,3742292.0,109.87944060916712,99.47955390334572,0.6563257479467396,,,,,,,,,,
MDEyOk9yZ2FuaXphdGlvbjM3MDIxOTE5,gitpod-io,Ona,https://github.com/gitpod-io,https://ona.com,Always Ready To Code,https://avatars.githubusercontent.com/u/37021919?v=4,2026-01-01,2026-04-01,14967.0,15090.0,0.0082180797755061,27.916006339144214,0.2843585455913146,116.0,116.0,0.0,17.951213925790196,0.1629811216103502,770.0,130874.0,129.874,99.5539033457249,0.552660332798335,,,,,,,,,,
O_kgDODuQDTQ,agentskills,Agent Skills,https://github.com/agentskills,https://agentskills.io,"A simple, open format for giving agents new capabilities and expertise.",https://avatars.githubusercontent.com/u/249824077?v=4,2026-01-01,2026-04-01,4140.0,14416.0,2.482125603864734,99.76228209191758,0.7097092213743116,4.0,29.0,1.9,99.69079248740266,0.2902907786256884,5.0,5.0,-0.995,,,,,,,,,,,,
O_kgDODSl5FQ,RunanywhereAI,RunAnywhere,https://github.com/RunanywhereAI,https://www.runanywhere.ai/,ODLM - On Device Language Models,https://avatars.githubusercontent.com/u/220821781?v=4,2026-01-01,2026-04-01,3533.0,12093.0,2.4228700820832154,99.74643423137876,0.6828735539234607,8.0,32.0,2.2,99.79386165826844,0.3171264460765393,2980.0,1206.0,-0.5953020134228187,,,,,,,,,,,,
O_kgDOByFYhg,blackboardsh,Blackboard Technologies inc.,https://github.com/blackboardsh,https://blackboard.sh,,https://avatars.githubusercontent.com/u/119625862?v=4,2026-01-01,2026-04-01,3055.0,11019.0,2.606873977086743,99.79397781299524,0.723562630242351,7.0,12.0,0.2,93.82157581310123,0.0533876304177143,404.0,16053.0,15.053,98.17843866171005,0.2230497393399345,,,,,,,,,,
O_kgDODXulyA,RightNow-AI,RightNow,https://github.com/RightNow-AI,https://www.rightnowai.co/,GPU AI Code Editor,https://avatars.githubusercontent.com/u/226207176?v=4,2026-01-01,2026-04-01,5765.0,17773.0,2.082914137033825,99.72266244057052,0.6381923324517219,8.0,44.0,3.4,99.88547869903802,0.3618076675482781,,,,,,,,,,,,,,,
O_kgDOC_9TSg,VoltAgent,VoltAgent,https://github.com/VoltAgent,https://voltagent.dev,AI Agent Engineering Platform built on an Open Source TypeScript AI Agent Framework,https://avatars.githubusercontent.com/u/201282378?v=4,2026-01-01,2026-04-01,18666.0,80802.0,3.3288331726133076,99.84944532488112,0.4965991852804127,79.0,189.0,1.3924050632911391,99.55336692624827,0.4327274763521825,42454.0,97656.0,1.300277947896547,31.85873605947955,0.0706733383674047,4.0,1.0,-0.999,,,,,,,
O_kgDOB_9BPQ,NousResearch,Nous Research,https://github.com/NousResearch,https://nousresearch.com,,https://avatars.githubusercontent.com/u/134168893?v=4,2026-01-01,2026-04-01,3843.0,17324.0,3.507936507936508,99.86529318541996,0.4160847229982345,112.0,234.0,1.0892857142857142,99.38158497480532,0.4159223044497208,169.0,43064.0,42.064,99.182156133829,0.1679929725520446,,,,,,,,,,
MDEyOk9yZ2FuaXphdGlvbjU2NDEwMDM2,AIoT-MLSys-Lab,OSU AIoT-MLSys Lab,https://github.com/AIoT-MLSys-Lab,https://aiot-mlsys-lab.github.io/,,https://avatars.githubusercontent.com/u/56410036?v=4,2026-01-01,2026-04-01,1664.0,1721.0,0.0342548076923076,67.32963549920761,0.2045222816914227,36.0,36.0,0.0,17.951213925790196,0.0983760075131821,2975.0,283583.0,94.32201680672269,99.44237918215612,0.6971017107953953,,,,,,,,,,
O_kgDODH8bCA,MiroMindAI,MiroMind,https://github.com/MiroMindAI,https://miromind.ai,,https://avatars.githubusercontent.com/u/209656584?v=4,2026-01-01,2026-04-01,3373.0,11593.0,2.4369997035280164,99.75435816164818,0.7447531517664764,20.0,25.0,0.25,95.34470911589555,0.2552468482335236,,,,,,,,,,,,,,,
O_kgDODHu_Nw,ace-step,ACEStep,https://github.com/ace-step,,,https://avatars.githubusercontent.com/u/209436471?v=4,2026-01-01,2026-04-01,3480.0,12502.0,2.592528735632184,99.77812995245642,0.5262859339570168,22.0,70.0,2.1818181818181817,99.78240952817224,0.4058320595221376,2515.0,7294.0,1.9001988071570577,59.10780669144982,0.0678820065208456,,,,,,,,,,
MDEyOk9yZ2FuaXphdGlvbjE1NDgyNzY1,opentracing,OpenTracing API,https://github.com/opentracing,http://opentracing.io/,"Consistent, expressive, vendor-neutral APIs for distributed tracing and context propagation",https://avatars.githubusercontent.com/u/15482765?v=4,2026-01-01,2026-04-01,1090.0,4125.0,2.7844036697247705,99.80982567353406,0.6515780635967046,,2.0,,,,1970232.0,4891306.0,1.4826040791135258,38.25278810408922,0.3484219364032954,,,,,,,,,,
O_kgDOBahoQQ,Rust-GPU,Rust GPU,https://github.com/Rust-GPU,,Fast GPU computing for the Rust language,https://avatars.githubusercontent.com/u/94922817?v=4,2026-01-01,2026-04-01,7635.0,8112.0,0.062475442043222,81.94136291600634,0.343744552055198,68.0,73.0,0.0735294117647058,74.95991754466331,0.2731591115148679,7747.0,1264748.0,162.25648638182523,99.70260223048328,0.3830963364299339,,,,,,,,,,
MDEyOk9yZ2FuaXphdGlvbjc2MDczMTU1,EveryInc,Every,https://github.com/EveryInc,https://every.to,The only subscription you need to stay at the edge of AI.,https://avatars.githubusercontent.com/u/76073155?v=4,2026-01-01,2026-04-01,3718.0,11977.0,2.2213555675094137,99.73058637083992,0.624726080452029,14.0,43.0,2.0714285714285716,99.73660100778746,0.3711076047266421,351.0,1639.0,0.639,12.936802973977697,0.0041663148213287,,,,,,,,,,
MDEyOk9yZ2FuaXphdGlvbjIwNTI1OTM0,opentracing-contrib,3rd-Party OpenTracing API Contributions,https://github.com/opentracing-contrib,http://opentracing.io,3rd-party contributions that use OpenTracing. **The repositories in this org are *not* affiliated with the CNCF.**,https://avatars.githubusercontent.com/u/20525934?v=4,2026-01-01,2026-04-01,1122.0,3384.0,2.016042780748663,99.7147385103011,0.7969661169742751,9.0,15.0,0.5,98.265002290426,0.2030338830257248,,,,,,,,,,,,,,,
O_kgDOBcocVQ,Gentleman-Programming,Gentleman-Programming,https://github.com/Gentleman-Programming,,,https://avatars.githubusercontent.com/u/97131605?v=4,2026-01-01,2026-04-01,2106.0,6260.0,1.9724596391263056,99.7068145800317,0.5851549330280594,16.0,43.0,1.6875,99.64498396701786,0.4148450669719405,,,,,,,,,,,,,,,
O_kgDOCLN6bA,lightpanda-io,Lightpanda,https://github.com/lightpanda-io,https://lightpanda.io,,https://avatars.githubusercontent.com/u/145980012?v=4,2026-01-01,2026-04-01,17703.0,26008.0,0.4691295260690278,98.43898573692552,0.5183253372103948,29.0,172.0,4.931034482758621,99.9312872194228,0.4816746627896051,,,,,,,,,,,,,,,
MDEyOk9yZ2FuaXphdGlvbjQ2NzE3Mjc4,esp-rs,esp-rs,https://github.com/esp-rs,,"Libraries, crates and examples for using Rust on Espressif SoC's",https://avatars.githubusercontent.com/u/46717278?v=4,2026-01-01,2026-04-01,10218.0,10781.0,0.055098845175181,79.24722662440571,0.2943050561950282,509.0,541.0,0.0628683693516699,70.28172240036646,0.3076328297831505,7747.0,1264748.0,162.25648638182523,99.70260223048328,0.3149017687542976,,,,,,1897.0,17422.0,8.183974696889827,43.11688311688312,0.0831603452675234
MDEyOk9yZ2FuaXphdGlvbjk2MTI0Nw==,mavlink,MAVLink Micro Air Vehicle Protocol,https://github.com/mavlink,http://mavlink.org,The standard communication protocol for drones.,https://avatars.githubusercontent.com/u/961247?v=4,2026-01-01,2026-04-01,9938.0,10491.0,0.0556449989937613,79.42155309033281,0.2929078030983851,356.0,372.0,0.0449438202247191,60.12368300503894,0.2560980227833224,7764.0,1264752.0,161.89953632148377,99.59107806691448,0.3148453946583988,1899.0,6861.0,2.612954186413902,80.78266946191475,0.0884075445934531,105.0,6875.0,5.875,34.80519480519481,0.0477412348664403
O_kgDODqRpAg,YouMind-OpenLab,YouMind OpenLab,https://github.com/YouMind-OpenLab,https://youmind.com,"YouMind is where learning meets creation. In YouMind, you can learn, think, and create with AI agents. Everything flows together and grows with you.",https://avatars.githubusercontent.com/u/245655810?v=4,2026-01-01,2026-04-01,4634.0,11506.0,1.4829520932239966,99.63549920760695,1.0,1.0,1.0,-0.9,,,,,,,,,,,,,,,,,
O_kgDOCe97-Q,e18e,e18e,https://github.com/e18e,https://e18e.dev,Ecosystem Performance,https://avatars.githubusercontent.com/u/166689785?v=4,2026-01-01,2026-04-01,1400.0,1627.0,0.1621428571428571,94.19175911251982,0.1723985217489408,32.0,45.0,0.40625,97.80119102153002,0.431212824938593,371.0,119255.0,118.255,99.51672862453532,0.3963886533124661,,,,,,,,,,
MDEyOk9yZ2FuaXphdGlvbjI4MzE2NjY3,OpenLiberty,Open Liberty Project,https://github.com/OpenLiberty,https://openliberty.io,Open Liberty is an open source implementation of Eclipse MicroProfile and Java EE from IBM. It is the foundation of the WebSphere Liberty app server.,https://avatars.githubusercontent.com/u/28316667?v=4,2026-01-01,2026-04-01,1365.0,1383.0,0.0131868131868131,38.71632329635499,0.0718918719757253,20.0,79.0,2.95,99.85112230874942,0.9281081280242748,,,,,,,,,,,,,,,
O_kgDOBnhMWg,vercel-labs,Vercel Labs,https://github.com/vercel-labs,https://vercel.com,Develop. Preview. Ship. Creators of Next.js.,https://avatars.githubusercontent.com/u/108547162?v=4,2026-01-01,2026-04-01,27912.0,106301.0,2.808433648609917,99.81774960380348,0.3634580597580634,104.0,315.0,2.0288461538461537,99.71369674759504,0.3372331255522322,23893394.0,98255230.0,3.1122341179323456,85.0557620817844,0.2993088146897043,,,,,,,,,,
O_kgDOD4sWMA,TinyAGI,TinyAGI,https://github.com/TinyAGI,,,https://avatars.githubusercontent.com/u/260773424?v=4,2026-01-01,2026-04-01,1622.0,3882.0,1.393341553637485,99.61172741679871,0.9955496285677472,1.0,10.0,0.0,17.951213925790196,0.0044503714322527,,,,,,5.0,11.0,-0.989,,,,,,,
MDEyOk9yZ2FuaXphdGlvbjExNzI0MjUx,mila-iqia,Mila,https://github.com/mila-iqia,https://mila.quebec/,Quebec Artificial Intelligence Institute,https://avatars.githubusercontent.com/u/11724251?v=4,2026-01-01,2026-04-01,1008.0,2395.0,1.3759920634920637,99.60380348652932,1.0,3.0,3.0,-0.7,,,,,,,,7.0,2.0,-0.998,,,,,,,
MDEyOk9yZ2FuaXphdGlvbjE1MTIzMTEy,SpringCloud,Spring Cloud中国社区,https://github.com/SpringCloud,http://springcloud.cn,Spring Cloud中国社区倾力打造书籍-《重新定义Spring Cloud实战》,https://avatars.githubusercontent.com/u/15123112?v=4,2026-01-01,2026-04-01,1193.0,2815.0,1.3595976529756917,99.5958795562599,1.0,,,,,,,,,,,,,,,,,,,,
O_kgDOCZ46Xw,google-labs-code,Google Labs Code,https://github.com/google-labs-code,,,https://avatars.githubusercontent.com/u/161364575?v=4,2026-01-01,2026-04-01,2696.0,7570.0,1.8078635014836797,99.69096671949286,0.690035434676503,6.0,10.0,0.0,17.951213925790196,0.0023305728198776,2964.0,33108.0,10.17004048582996,97.24907063197026,0.3076339925036194,,,,,,,,,,
O_kgDODYBPqw,noctalia-dev,Noctalia,https://github.com/noctalia-dev,https://noctalia.dev,,https://avatars.githubusercontent.com/u/226512811?v=4,2026-01-01,2026-04-01,2233.0,5161.0,1.3112404836542768,99.57210776545166,1.0,,74.0,,,,,,,,,,,,,,,,,,
O_kgDODNg0lw,InterceptSuite,InterceptSuite,https://github.com/InterceptSuite,https://interceptsuite.com/,"A cross platform SOCKS5 MITM proxy based network traffic interception tool that enables TLS/SSL inspection, analysis, and manipulation at the network level.",https://avatars.githubusercontent.com/u/215495831?v=4,2026-01-01,2026-04-01,1659.0,3800.0,1.2905364677516575,99.56418383518223,1.0,1.0,1.0,-0.9,,,,,,,,,,,,,,,,,
MDEyOk9yZ2FuaXphdGlvbjE0MTMxNDIw,Cleveroad,Cleveroad,https://github.com/Cleveroad,https://www.cleveroad.com/,Professional web and mobile development company. Full-cycle IT development!,https://avatars.githubusercontent.com/u/14131420?v=4,2026-01-01,2026-04-01,3858.0,8814.0,1.284603421461897,99.55625990491284,1.0,,,,,,,,,,,,,,,,,,,,
O_kgDOCFakBg,shadcn-ui,shadcn-ui,https://github.com/shadcn-ui,https://ui.shadcn.com,Build your component library.,https://avatars.githubusercontent.com/u/139895814?v=4,2026-01-01,2026-04-01,127017.0,132469.0,0.0429233882078776,73.30427892234547,0.5157395091616238,14.0,81.0,4.785714285714286,99.9198350893266,0.4842604908383761,,,,,,,,,,,,,,,
MDEyOk9yZ2FuaXphdGlvbjQwNTg5NTQy,badgen,Badgen,https://github.com/badgen,https://badgen.net,Fast badge generating service,https://avatars.githubusercontent.com/u/40589542?v=4,2026-01-01,2026-04-01,2077.0,2096.0,0.0091478093403948,30.213946117274165,0.1204939888845968,16.0,17.0,0.0625,69.90952817224003,0.1474468387917884,8499.0,514621.0,59.5507706789034,99.29368029739776,0.7320591723236147,,,,,,,,,,
O_kgDOCkmIpw,rowboatlabs,RowBoat Labs,https://github.com/rowboatlabs,https://www.rowboatlabs.com,,https://avatars.githubusercontent.com/u/172591271?v=4,2026-01-01,2026-04-01,4200.0,9332.0,1.2219047619047618,99.52456418383518,1.0,5.0,7.0,-0.3,,,,,,,,3.0,25.0,-0.975,,,,,,,
O_kgDOCNTANw,dmno-dev,DMNO,https://github.com/dmno-dev,https://varlock.dev,Building the future of configuration,https://avatars.githubusercontent.com/u/148160567?v=4,2026-01-01,2026-04-01,1136.0,3226.0,1.8397887323943665,99.69889064976228,0.4608653816214212,6.0,15.0,0.5,98.265002290426,0.1214963888356278,3788.0,109529.0,27.91473072861669,98.88475836431226,0.4176382295429508,,,,,,,,,,
O_kgDODTLHMA,slopus,slopus,https://github.com/slopus,https://slopus.com,There have never been a better time,https://avatars.githubusercontent.com/u/221431600?v=4,2026-01-01,2026-04-01,6389.0,17408.0,1.7246830489904523,99.68304278922344,0.643250860604973,32.0,44.0,0.375,97.45762711864408,0.3567491393950269,2307.0,1951.0,-0.1543129605548331,,,,,,,,,,,,
O_kgDOCr2Pmw,GVCLab,GVC Lab @ Great Bay University,https://github.com/GVCLab,gvclab.github.io,Generative & intellengent Visual Computing Lab @ Great Bay University,https://avatars.githubusercontent.com/u/180195227?v=4,2026-01-01,2026-04-01,1138.0,2473.0,1.17311072056239,99.50871632329635,1.0,4.0,4.0,-0.6,,,,,,,,,,,,,,,,,
O_kgDODdyUFQ,Soul-AILab,Soul AI Lab,https://github.com/Soul-AILab,https://www.soulapp.cn/soulX,,https://avatars.githubusercontent.com/u/232559637?v=4,2026-01-01,2026-04-01,2938.0,6317.0,1.1501021102791014,99.49286846275751,1.0,5.0,9.0,-0.1,,,,,,,,,,,,,,,,,
MDEyOk9yZ2FuaXphdGlvbjIzNDk1NTI5,thu-pacman,"PACMAN Group, Tsinghua University",https://github.com/thu-pacman,https://pacman.cs.tsinghua.edu.cn,"Parallel Architecture & Compiler technology of Mobile, Accelerated, and Networked systems",https://avatars.githubusercontent.com/u/23495529?v=4,2026-01-01,2026-04-01,1948.0,4853.0,1.4912731006160165,99.64342313787638,0.7473924585568082,20.0,22.0,0.1,83.61200183234081,0.2526075414431918,,,,,,2.0,2.0,-0.998,,,,,,,
MDEyOk9yZ2FuaXphdGlvbjU0OTQ0MTc0,larksuite,Lark Technologies Pte. Ltd.,https://github.com/larksuite,https://www.larksuite.com,,https://avatars.githubusercontent.com/u/54944174?v=4,2026-01-01,2026-04-01,3249.0,5988.0,0.8430286241920592,99.27099841521397,0.3660962848563727,32.0,47.0,0.46875,98.14475492441596,0.2768807519208401,13086.0,979561.0,73.85564725661011,99.33085501858736,0.3570229632227872,,,,,,17.0,117.0,-0.883,,
O_kgDODKy-ZA,Robbyant,Robbyant,https://github.com/Robbyant,https://www.robbyant.com/,"Intelligence in Action, Benefits for Everyone",https://avatars.githubusercontent.com/u/212647524?v=4,2026-01-01,2026-04-01,2591.0,5995.0,1.3137784639135468,99.58003169572108,0.7844167286522584,11.0,18.0,0.6363636363636364,98.79752633989922,0.2155832713477416,,,,,,,,,,,,,,,
O_kgDODB_dcA,Fission-AI,Fission,https://github.com/Fission-AI,,"From Idea to Action, Instantly.",https://avatars.githubusercontent.com/u/203414896?v=4,2026-01-01,2026-04-01,12391.0,32860.0,1.6519247841175049,99.66719492868464,0.5229237149350934,19.0,42.0,1.2105263157894737,99.4732020155749,0.2664162698762286,6753.0,61353.0,8.085295424255886,96.5799256505576,0.2106600151886779,,,,,,,,,,
MDEyOk9yZ2FuaXphdGlvbjQ3MDg3NDk2,lowdefy,Lowdefy,https://github.com/lowdefy,https://lowdefy.com,"Config-first web framework for AI and humans, by Resonancy.io",https://avatars.githubusercontent.com/u/47087496?v=4,2026-01-01,2026-04-01,2918.0,2955.0,0.0126799177518848,37.74960380348653,0.2557479823891427,16.0,16.0,0.0,17.951213925790196,0.0400868627130747,2782.0,151545.0,53.47340043134436,99.25650557620816,0.7041651548977825,,,,,,,,,,
O_kgDOD5pBzQ,agenticnotetaking,agenticnotetaking,https://github.com/agenticnotetaking,,,https://avatars.githubusercontent.com/u/261767629?v=4,2026-01-01,2026-04-01,1341.0,2765.0,1.0618941088739746,99.42947702060222,1.0,4.0,4.0,-0.6,,,,,,,,,,,,,,,,,
O_kgDOCt_2jw,reconurge,reconurge,https://github.com/reconurge,,,https://avatars.githubusercontent.com/u/182449807?v=4,2026-01-01,2026-04-01,1342.0,2767.0,1.0618479880774965,99.4215530903328,1.0,3.0,5.0,-0.5,,,,,,,,,,,,,,,,,
O_kgDOC8WENg,Gen-Verse,Princeton-AI,https://github.com/Gen-Verse,https://yangling0818.github.io/,"Open-source research from Princeton AI Lab, led by Ling Yang and Mengdi Wang",https://avatars.githubusercontent.com/u/197493814?v=4,2026-01-01,2026-04-01,3725.0,8363.0,1.2451006711409396,99.54833597464342,0.8182966889101196,9.0,15.0,0.5,98.265002290426,0.1398346000165784,0.0,2.0,-0.998,,,,,,,,230.0,3138.0,2.138,19.74025974025974,0.0418687110733019
O_kgDOC0ce6g,shareAI-lab,shareAI-Lab,https://github.com/shareAI-lab,shareAI-Lab.com,Hacking & Accelerating & Saving the World,https://avatars.githubusercontent.com/u/189210346?v=4,2026-01-01,2026-04-01,18861.0,41552.0,1.2030645246805578,99.51664025356575,0.7654097212956553,13.0,25.0,0.9230769230769232,99.24415941365092,0.2345902787043447,463.0,85.0,-0.915,,,,,,,,,,,,
O_kgDOC8thhw,oinone,Oinone,https://github.com/oinone,https://www.oinone.top,"Oinone, an AI-Powered Low-Code Framework positioned as infrastructure for AI-Native applications.",https://avatars.githubusercontent.com/u/197878151?v=4,2026-01-01,2026-04-01,1111.0,2253.0,1.027902790279028,99.38985736925515,0.9800945145288956,11.0,11.0,0.0,17.951213925790196,0.0199054854711043,,,,,,,,,,,,,,,
O_kgDOCSTXXw,ArcadeAI,Arcade.dev,https://github.com/ArcadeAI,https://docs.arcade.dev,Home of Arcade.dev,https://avatars.githubusercontent.com/u/153409375?v=4,2026-01-01,2026-04-01,1623.0,1710.0,0.0536044362292051,78.74801901743265,0.12781284987988,37.0,42.0,0.1351351351351351,88.96014658726523,0.2976078298781881,1227.0,16617.0,12.54278728606357,97.80669144981414,0.1767288657013879,874.0,99741.0,98.741,99.93011879804332,0.3978504545405438,,,,,
MDEyOk9yZ2FuaXphdGlvbjc5MDYyOQ==,gocardless,GoCardless,https://github.com/gocardless,https://gocardless.com,,https://avatars.githubusercontent.com/u/790629?v=4,2026-01-01,2026-04-01,1864.0,2214.0,0.1877682403433476,95.3565768621236,0.3596311181978529,16.0,59.0,2.6875,99.83967017865322,0.640368881802147,,,,,,,,,,,,,,,
O_kgDOCFPIIw,maximhq,Maxim AI,https://github.com/maximhq,https://getmaxim.ai,Enterprise-grade framework for testing and monitoring AI applications.,https://avatars.githubusercontent.com/u/139708451?v=4,2026-01-01,2026-04-01,1473.0,3304.0,1.243041412084182,99.540412044374,0.4487758640266225,27.0,64.0,1.3703703703703705,99.54191479615208,0.5512241359733774,41.0,930.0,-0.07,,,,,,,,,,,,
O_kgDOCdz30g,moeru-ai,Moeru AI,https://github.com/moeru-ai,https://moeru.ai,Does kindness plus sadness equal to zero?,https://avatars.githubusercontent.com/u/165476306?v=4,2026-01-01,2026-04-01,18746.0,36688.0,0.957110850314734,99.34231378763867,0.5072971066829955,23.0,79.0,2.4347826086956523,99.82821804855703,0.3621811225853537,174018.0,442710.0,1.544047167534393,41.486988847583646,0.1305217707316507,,,,,,1.0,3.0,-0.997,,
O_kgDODxWJXg,DevAgentForge,Claude Agent Forge,https://github.com/DevAgentForge,,Claude Agent Forge,https://avatars.githubusercontent.com/u/253069662?v=4,2026-01-01,2026-04-01,1568.0,3047.0,0.9432397959183674,99.32646592709985,1.0,3.0,4.0,-0.6,,,,,,,,,,,,,,,,,
O_kgDODtMgFQ,batrachianai,Batrachian AI,https://github.com/batrachianai,https://www.batrachian.ai,Leap Forward in AI,https://avatars.githubusercontent.com/u/248717333?v=4,2026-01-01,2026-04-01,1329.0,2673.0,1.0112866817155757,99.37400950871633,0.9264769975530536,6.0,11.0,0.1,83.61200183234081,0.0735230024469463,,,,,,,,,,,,,,,
O_kgDODtZjSQ,AutoMaker-Org,AutoMaker Org,https://github.com/AutoMaker-Org,automaker.app,,https://avatars.githubusercontent.com/u/248931145?v=4,2026-01-01,2026-04-01,1242.0,3057.0,1.461352657004831,99.62757527733756,0.5021867384590817,23.0,41.0,0.782608695652174,99.07237746220795,0.4978132615409183,,,,,,,,,,,,,,,
O_kgDOBeGBuw,moonshine-ai,Moonshine AI,https://github.com/moonshine-ai,https://moonshine.ai,"Fast, low-resource, private-by-design AI - https://discord.gg/27qp9zSRXF",https://avatars.githubusercontent.com/u/98664891?v=4,2026-01-01,2026-04-01,3611.0,8044.0,1.2276377734699528,99.5324881141046,0.6735379441840385,11.0,20.0,0.8181818181818182,99.13536417773706,0.1979125891058527,86.0,412.0,-0.588,,,524.0,3829.0,2.829,83.36827393431166,0.1285494667101089,,,,,
MDEyOk9yZ2FuaXphdGlvbjMxNjExNzQ2,open-dingtalk,钉钉开放平台团队,https://github.com/open-dingtalk,,,https://avatars.githubusercontent.com/u/31611746?v=4,2026-01-01,2026-04-01,2856.0,2885.0,0.0101540616246498,32.48811410459588,0.192699303281113,8.0,8.0,-0.2,,,,,,,,3307.0,161569.0,47.85666767462958,99.65059399021663,0.8073006967188869,,,,,
O_kgDODap2ng,EverMind-AI,EverMind-AI,https://github.com/EverMind-AI,,,https://avatars.githubusercontent.com/u/229275294?v=4,2026-01-01,2026-04-01,2872.0,5698.0,0.983983286908078,99.3660855784469,0.886059269979929,7.0,13.0,0.3,96.54718277599632,0.1139407300200709,,,,,,,,,,,,,,,
MDEyOk9yZ2FuaXphdGlvbjU0NDM1MzEz,lukilabs,Craft Docs,https://github.com/lukilabs,https://craft.do,,https://avatars.githubusercontent.com/u/54435313?v=4,2026-01-01,2026-04-01,5698.0,12067.0,1.117760617760618,99.45324881141046,0.6193546416215363,9.0,11.0,0.1,83.61200183234081,0.0250276722663418,6901.0,144049.0,19.873641501231702,98.69888475836431,0.355617686112122,,,,,,,,,,
MDEyOk9yZ2FuaXphdGlvbjE4MTE4MzEz,Devlight,Devlight,https://github.com/Devlight,http://devlight.io,"We deliver the right results in terms of efficiency, performance, interoperability, and user experience comprehensive technology.",https://avatars.githubusercontent.com/u/18118313?v=4,2026-01-01,2026-04-01,6368.0,11957.0,0.8776695979899497,99.3026941362916,1.0,,,,,,,,,,,,,,,,,,,,
MDEyOk9yZ2FuaXphdGlvbjIyOTU2NTIw,FunctionClub,Function Club,https://github.com/FunctionClub,http://function.club,由于管理员/组织成员沉迷于学习，本组织所有程序更新维护无限期暂停,https://avatars.githubusercontent.com/u/22956520?v=4,2026-01-01,2026-04-01,1987.0,3730.0,0.8772018117765475,99.2947702060222,1.0,,,,,,,,,,,,,,,,,,,,
O_kgDOD5KEXQ,PeonPing,PeonPing,https://github.com/PeonPing,peonping.com,,https://avatars.githubusercontent.com/u/261260381?v=4,2026-01-01,2026-04-01,1994.0,4223.0,1.117853560682046,99.46117274167987,0.4322439629695131,51.0,116.0,1.2745098039215683,99.48465414567109,0.5677560370304868,,,,,,,,,,,,,,,
MDEyOk9yZ2FuaXphdGlvbjY3MzY1MjE1,volcengine,Volcengine,https://github.com/volcengine,https://www.volcengine.cn/,,https://avatars.githubusercontent.com/u/67365215?v=4,2026-01-01,2026-04-01,9081.0,29864.0,2.288624600814888,99.73851030110936,0.3132882599189902,197.0,312.0,0.583756345177665,98.66010077874483,0.3029379579194514,125582.0,483332.0,2.848736283862337,82.8996282527881,0.165018821490031,38134.0,291603.0,6.646798132899774,95.52760307477288,0.2187549606715272,,,,,
MDEyOk9yZ2FuaXphdGlvbjQyMTY5NTIz,teadocs,Teadocs,https://github.com/teadocs,http://teadocs.cn/,Teadocs文档生成系统以及用Teadocs生成的文档的仓库。,https://avatars.githubusercontent.com/u/42169523?v=4,2026-01-01,2026-04-01,1923.0,3558.0,0.8502340093603744,99.27892234548337,1.0,1.0,1.0,-0.9,,,33.0,5.0,-0.995,,,,,,,,,,,,
O_kgDOB6g3rw,ComposioHQ,Composio,https://github.com/ComposioHQ,https://composio.dev,Composio equips agents with well-crafted tools empowering them to tackle complex tasks,https://avatars.githubusercontent.com/u/128464815?v=4,2026-01-01,2026-04-01,40991.0,87171.0,1.126588763387085,99.4770206022187,0.4056802762856627,10.0,43.0,3.3,99.87402656894182,0.2037281410700187,108807.0,688820.0,5.330658873050447,93.4200743494424,0.2400911291682095,141398.0,327991.0,1.3196296977326412,52.41090146750524,0.1505004534761091,,,,,
O_kgDODIbJmw,MemTensor,OpenMem,https://github.com/MemTensor,,,https://avatars.githubusercontent.com/u/210160027?v=4,2026-01-01,2026-04-01,3528.0,8246.0,1.3373015873015872,99.58795562599047,0.5189772052791666,30.0,49.0,0.6333333333333333,98.78607420980302,0.3626763093349964,484.0,7263.0,6.263,94.90706319702602,0.118346485385837,991.0,665.0,-0.335,,,,,,,
O_kgDODffAjw,ValueCell-ai,ValueCell.ai,https://github.com/ValueCell-ai,valuecell.ai,,https://avatars.githubusercontent.com/u/234340495?v=4,2026-01-01,2026-04-01,7668.0,15517.0,1.023604590505999,99.38193343898574,0.7060769932841227,18.0,30.0,0.6666666666666666,98.8891433806688,0.2939230067158773,,,,,,,,,,,,,,,
MDEyOk9yZ2FuaXphdGlvbjIyNjAwNjg0,brain-research,Brain Research,https://github.com/brain-research,,,https://avatars.githubusercontent.com/u/22600684?v=4,2026-01-01,2026-04-01,1150.0,2100.0,0.8260869565217391,99.25515055467513,1.0,,,,,,,,,,,,,,,,,,,,
MDEyOk9yZ2FuaXphdGlvbjExOTI5MTMz,strongdm,strongdm,https://github.com/strongdm,,,https://avatars.githubusercontent.com/u/11929133?v=4,2026-01-01,2026-04-01,1713.0,3384.0,0.9754816112084064,99.3581616481775,0.7493079997991334,8.0,17.0,0.7,98.9750343563903,0.2506920002008665,5.0,176.0,-0.824,,,,,,,,,,,,
O_kgDODOOtJQ,Piebald-AI,Piebald,https://github.com/Piebald-AI,https://piebald.ai,The ultimate agentic AI control experience for developers.,https://avatars.githubusercontent.com/u/216247589?v=4,2026-01-01,2026-04-01,3699.0,9598.0,1.5947553392808866,99.65927099841522,0.363298209183445,25.0,59.0,1.36,99.53046266605588,0.2709709065517434,1801579.0,10582439.0,4.873979991995911,92.26765799256503,0.3657308842648116,,,,,,,,,,
O_kgDOB9V6rA,SamurAIGPT,SamurAIGPT,https://github.com/SamurAIGPT,,,https://avatars.githubusercontent.com/u/131431084?v=4,2026-01-01,2026-04-01,11618.0,12695.0,0.092700981236013,88.50237717908082,0.5420114433765195,16.0,66.0,3.125,99.86257443884564,0.4579885566234803,563.0,120.0,-0.88,,,,,,,,,,,,
MDEyOk9yZ2FuaXphdGlvbjM3MjcyNzk4,rustwasm,Rust and WebAssembly,https://github.com/rustwasm,https://rustwasm.github.io/,🦀 + 🕸️ = 💖,https://avatars.githubusercontent.com/u/37272798?v=4,2026-01-01,2026-04-01,1462.0,3528.0,1.4131326949384404,99.61965134706816,0.5281071852836628,,1.0,,,,33951.0,195011.0,4.743895614267621,91.7100371747212,0.471892814716337,,,,,,5.0,20.0,-0.98,,
O_kgDODfsF2g,open-gigaai,GigaAI,https://github.com/open-gigaai,https://gigaai.cc/,,https://avatars.githubusercontent.com/u/234554842?v=4,2026-01-01,2026-04-01,3592.0,6441.0,0.7931514476614699,99.2472266244057,1.0,5.0,5.0,-0.5,,,,,,,,38.0,30.0,-0.97,,,,,,,
MDEyOk9yZ2FuaXphdGlvbjMwMDEyNTY4,hencoder,HenCoder,https://github.com/hencoder,http://hencoder.com,HenCoder 项目的练习所，最后一公里。,https://avatars.githubusercontent.com/u/30012568?v=4,2026-01-01,2026-04-01,1123.0,2012.0,0.7916295636687445,99.23930269413628,1.0,,,,,,,,,,,,,,,,,,,,
MDEyOk9yZ2FuaXphdGlvbjEyNjcxMTM=,kakao,kakao,https://github.com/kakao,http://tech.kakao.com/,,https://avatars.githubusercontent.com/u/1267113?v=4,2026-01-01,2026-04-01,2799.0,4874.0,0.7413361914969632,99.14421553090332,0.5439979471963092,18.0,47.0,1.6111111111111112,99.63353183692166,0.4560020528036906,,,,,,552.0,199.0,-0.801,,,,,,,
O_kgDODJ88dA,agentscope-ai,AgentScope-AI,https://github.com/agentscope-ai,,,https://avatars.githubusercontent.com/u/211762292?v=4,2026-01-01,2026-04-01,21914.0,42671.0,0.9472027014693803,99.33438985736926,0.3798485002201652,131.0,259.0,0.9770992366412212,99.27851580393954,0.3544483281163915,1420.0,2452.0,0.7267605633802817,14.79553903345725,0.0049044562693003,5607.0,227748.0,39.61851257356875,99.44095038434662,0.2607987153941428,,,,,
O_kgDOBZLi-Q,truefoundry,TrueFoundry,https://github.com/truefoundry,https://truefoundry.com,"Build fast, secure and cost-efficient ML/LLM Apps",https://avatars.githubusercontent.com/u/93512441?v=4,2026-01-01,2026-04-01,4365.0,4455.0,0.0206185567010309,51.95324881141046,0.1961273277812689,68.0,74.0,0.088235294117647,80.13628034814475,0.3315526651308196,1444.0,6160.0,3.2659279778393353,85.98513011152417,0.0895615042562617,1705.0,144172.0,83.558357771261,99.86023759608663,0.3827585028316495,,,,,
O_kgDOB601Ng,likec4,LikeC4,https://github.com/likec4,https://likec4.dev,"Visualize, collaborate, and evolve the software architecture with always actual and live diagrams",https://avatars.githubusercontent.com/u/128791862?v=4,2026-01-01,2026-04-01,1108.0,2952.0,1.6642599277978338,99.67511885895404,0.4041783154999802,23.0,31.0,0.3478260869565217,97.10833715071004,0.3188707418307498,4992.0,32941.0,5.598758012820513,93.60594795539032,0.2769509426692699,,,,,,,,,,
O_kgDOBfy2Mw,LambdaLabsML,LambdaLabsML,https://github.com/LambdaLabsML,,,https://avatars.githubusercontent.com/u/100447795?v=4,2026-01-01,2026-04-01,1137.0,2007.0,0.7651715039577837,99.1838351822504,1.0,6.0,8.0,-0.2,,,,,,,,,,,,,,,,,
MDEyOk9yZ2FuaXphdGlvbjQ0MDM0NzUy,sipeed,Sipeed,https://github.com/sipeed,sipeed.com,AIoT opensource hardware platform,https://avatars.githubusercontent.com/u/44034752?v=4,2026-01-01,2026-04-01,18796.0,38420.0,1.0440519259416898,99.40570522979397,0.5099458533577776,178.0,327.0,0.8370786516853933,99.15254237288136,0.4900541466422222,,,,,,412.0,137.0,-0.863,,,,,,,
O_kgDODAeRJw,Kilo-Org,Kilo Code,https://github.com/Kilo-Org,https://kilo.ai,Kilo is the all-in-one agentic engineering platform.,https://avatars.githubusercontent.com/u/201822503?v=4,2026-01-01,2026-04-01,13362.0,17478.0,0.3080377189043556,97.40887480190176,0.35888818791442,1156.0,1478.0,0.2785467128027681,96.07191937700412,0.3957407024060892,5537.0,464962.0,82.97363193064837,99.40520446096654,0.2453711096794907,,,,,,,,,,
O_kgDODhuJPw,getarcaneapp,Arcane,https://github.com/getarcaneapp,https://getarcane.app,"Modern Docker Management, Designed for Everyone",https://avatars.githubusercontent.com/u/236685631?v=4,2026-01-01,2026-04-01,3260.0,5109.0,0.5671779141104294,98.77971473851032,0.5633524670210289,15.0,43.0,1.8666666666666667,99.66788822721028,0.4366475329789709,,,,,,,,,,,,,,,
O_kgDODszxqA,ArenaMatrix,ArenaMatrix™ 阿瑞娜矩阵,https://github.com/ArenaMatrix,,"Simplifying competitive interactions for the AI Era. Accessible, High-Performance, and Deterministic.",https://avatars.githubusercontent.com/u/248312232?v=4,2026-01-01,2026-04-01,1054.0,1843.0,0.7485768500948766,99.16006339144216,1.0,5.0,5.0,-0.5,,,,,,,,,,,,,,,,,
O_kgDOCPDPgQ,DataArcTech,DataArcTech,https://github.com/DataArcTech,,Welcome to DataArc Tech Inc.,https://avatars.githubusercontent.com/u/149999489?v=4,2026-01-01,2026-04-01,1350.0,2366.0,0.7525925925925926,99.16798732171156,0.9933379371759152,10.0,10.0,0.0,17.951213925790196,0.0066620628240848,,,,,,,,,,,,,,,
O_kgDODsaPtA,durable-streams,Durable Streams,https://github.com/durable-streams,,The open protocol for real-time sync to client applications,https://avatars.githubusercontent.com/u/247893940?v=4,2026-01-01,2026-04-01,1138.0,1411.0,0.2398945518453427,96.54516640253566,0.2214985014654494,11.0,14.0,0.2727272727272727,95.87723316536876,0.1710192047238937,1378.0,55288.0,39.12191582002903,99.07063197026022,0.6074822938106568,7.0,266.0,-0.734,,,,,,,
O_kgDODC72NA,Chainlift,Chainlift,https://github.com/Chainlift,https://www.chainlift.io,Chainlift helps startups and small businesses build websites.,https://avatars.githubusercontent.com/u/204404276?v=4,2026-01-01,2026-04-01,1840.0,3201.0,0.7396739130434783,99.13629160063392,1.0,5.0,7.0,-0.3,,,25.0,529.0,-0.471,,,,,,,,,,,,
MDEyOk9yZ2FuaXphdGlvbjM0NTk3Mjcz,ZJULearning,ZJULearning,https://github.com/ZJULearning,,,https://avatars.githubusercontent.com/u/34597273?v=4,2026-01-01,2026-04-01,1510.0,2602.0,0.7231788079470198,99.10459587955626,1.0,3.0,3.0,-0.7,,,,,,,,,,,,,,,,,
MDEyOk9yZ2FuaXphdGlvbjg5MDY2ODM3,tencent-connect,tencent-connect,https://github.com/tencent-connect,,,https://avatars.githubusercontent.com/u/89066837?v=4,2026-01-01,2026-04-01,1622.0,3335.0,1.056103575832306,99.4136291600634,0.283051980266614,36.0,41.0,0.1388888888888889,89.38387540082455,0.2383658748972901,80.0,41878.0,40.878,99.1449814126394,0.1991419967522281,2030.0,55817.0,26.496059113300493,99.02166317260657,0.2794401480838677,,,,,
O_kgDODBP-bA,agent-infra,Agent Infra,https://github.com/agent-infra,,,https://avatars.githubusercontent.com/u/202636908?v=4,2026-01-01,2026-04-01,2192.0,3648.0,0.6642335766423357,99.05705229793978,0.5477045658813371,,4.0,,,,19828.0,1531.0,-0.922785959249546,,,461.0,33478.0,32.478,99.2313067784766,0.4522954341186628,,,,,
MDEyOk9yZ2FuaXphdGlvbjE5NjA1MTQw,HackerShackOfficial,Hacker Shack,https://github.com/HackerShackOfficial,https://www.youtube.com/channel/UCEcNXmr7DYq1XxpWHSxaN0w,Creating open source code for techy DIY videos,https://avatars.githubusercontent.com/u/19605140?v=4,2026-01-01,2026-04-01,1325.0,2252.0,0.699622641509434,99.0649762282092,1.0,,,,,,,,,,,,,,,,,,,,
MDEyOk9yZ2FuaXphdGlvbjMyNDg2OTI=,audiocogs,Audiocogs,https://github.com/audiocogs,,,https://avatars.githubusercontent.com/u/3248692?v=4,2026-01-01,2026-04-01,1615.0,2882.0,0.7845201238390093,99.23137876386689,0.886078316706129,,,,,,9644.0,18718.0,0.9408958938199916,21.2639405204461,0.1139216832938708,,,,,,,,,,
MDEyOk9yZ2FuaXphdGlvbjg5MTkxNzI3,pingdotgg,Ping.gg,https://github.com/pingdotgg,https://ping.gg/,We build tools for modern devs,https://avatars.githubusercontent.com/u/89191727?v=4,2026-01-01,2026-04-01,6453.0,13971.0,1.1650395165039515,99.50079239302694,0.4677366252325536,113.0,181.0,0.6017699115044248,98.72881355932203,0.4652356691222927,234814.0,448857.0,0.9115427529874708,20.63197026022305,0.0670277056451538,,,,,,,,,,
O_kgDOCP5DbA,OrionStarAI,OrionStarAI,https://github.com/OrionStarAI,https://www.orionstar.com/,A globally leading AI service robot research and development company.,https://avatars.githubusercontent.com/u/150881132?v=4,2026-01-01,2026-04-01,1115.0,2050.0,0.8385650224215246,99.26307448494454,0.7847902969384157,9.0,13.0,0.3,96.54718277599632,0.2152097030615842,773.0,426.0,-0.574,,,,,,,,,,,,
O_kgDOBycAAw,tinyfish-io,TinyFish,https://github.com/tinyfish-io,https://tinyfish.ai,Scale your operations with leading web agents at TinyFish.ai,https://avatars.githubusercontent.com/u/119996419?v=4,2026-01-01,2026-04-01,1428.0,3036.0,1.1260504201680672,99.46909667194927,0.4964617654293169,23.0,36.0,0.5652173913043478,98.59138799816766,0.444475417330851,45.0,2070.0,1.07,24.646840148698885,0.016585564166777,110617.0,134219.0,0.2133668423479212,6.638714185883996,0.042477253073055,,,,,
MDEyOk9yZ2FuaXphdGlvbjM3MjQ3Nzk2,void-linux,VoidLinux,https://github.com/void-linux,https://voidlinux.org,,https://avatars.githubusercontent.com/u/37247796?v=4,2026-01-01,2026-04-01,5040.0,5271.0,0.0458333333333333,74.92868462757528,0.3550648471157677,79.0,235.0,1.9746835443037976,99.70224461749886,0.6449351528842323,,,,,,,,,,,,,,,
O_kgDOC52jGQ,MiniMax-AI,MiniMax,https://github.com/MiniMax-AI,https://www.minimax.io,Intelligence with Everyone,https://avatars.githubusercontent.com/u/194880281?v=4,2026-01-01,2026-04-01,12110.0,22604.0,0.8665565648224608,99.28684627575277,0.669163375841759,26.0,39.0,0.5,98.265002290426,0.330836624158241,86.0,275.0,-0.725,,,,,,,,,,,,
O_kgDOC5xghw,siteboon,Siteboon,https://github.com/siteboon,https://siteboon.ai,,https://avatars.githubusercontent.com/u/194797703?v=4,2026-01-01,2026-04-01,5098.0,9075.0,0.780109846998823,99.21553090332806,0.5888504356305783,23.0,46.0,1.0,99.30142006413192,0.3892684592986867,1208.0,2732.0,1.2615894039735098,30.446096654275095,0.021881105070735,,,,,,,,,,
MDEyOk9yZ2FuaXphdGlvbjQ2ODc5OTEx,openseg-group,openseg-group,https://github.com/openseg-group,,,https://avatars.githubusercontent.com/u/46879911?v=4,2026-01-01,2026-04-01,1229.0,2044.0,0.6631407648494712,99.04912836767036,1.0,1.0,1.0,-0.9,,,,,,,,,,,,,,,,,
O_kgDOCF4tUA,NomaDamas,NomaDamas,https://github.com/NomaDamas,,AI Open Source Hacker House backed by Markr AI,https://avatars.githubusercontent.com/u/140389712?v=4,2026-01-01,2026-04-01,1012.0,1678.0,0.658102766798419,99.0095087163233,1.0,8.0,8.0,-0.2,,,,,,,,,,,,,,,,,
MDEyOk9yZ2FuaXphdGlvbjcyNDgwNDAx,Yamato-Security,Yamato Security 大和セキュリティ,https://github.com/Yamato-Security,,,https://avatars.githubusercontent.com/u/72480401?v=4,2026-01-01,2026-04-01,1175.0,2004.0,0.705531914893617,99.08874801901744,0.927303398991394,15.0,15.0,0.0,17.951213925790196,0.0726966010086061,,,,,,,,,,,,,,,
O_kgDODiD8Og,SumeLabs,Sume,https://github.com/SumeLabs,https://www.clawra.dev,Interactive intelligence,https://avatars.githubusercontent.com/u/237042746?v=4,2026-01-01,2026-04-01,1305.0,2158.0,0.653639846743295,99.00158478605388,1.0,7.0,7.0,-0.3,,,39.0,229.0,-0.771,,,39.0,41.0,-0.959,,,,,,,
MDEyOk9yZ2FuaXphdGlvbjEzNzY4NjMx,nyu-dl,nyu-dl,https://github.com/nyu-dl,,A collection of research software package released by Cho Lab at NYU CS and CDS.,https://avatars.githubusercontent.com/u/13768631?v=4,2026-01-01,2026-04-01,1172.0,1930.0,0.6467576791808873,98.98573692551506,1.0,,1.0,,,,,,,,,,,,,,,,,,
MDEyOk9yZ2FuaXphdGlvbjQ0OTQwMTkx,yodaos-project,YODAOS Project,https://github.com/yodaos-project,,Operating Systems for Web Community,https://avatars.githubusercontent.com/u/44940191?v=4,2026-01-01,2026-04-01,1214.0,1998.0,0.6457990115321252,98.97781299524564,1.0,,1.0,,,,,,,,,,,,,,,,,,
O_kgDOB6i2xw,signerlabs,Signer Labs,https://github.com/signerlabs,shipswift.app,,https://avatars.githubusercontent.com/u/128497351?v=4,2026-01-01,2026-04-01,1841.0,3020.0,0.6404128191200434,98.96988906497624,1.0,3.0,4.0,-0.6,,,,,,,,,,,,,,,,,
O_kgDOCzasqg,CoplayDev,Coplay,https://github.com/CoplayDev,https://coplay.dev,Unity plugin for AI driven game development,https://avatars.githubusercontent.com/u/188132522?v=4,2026-01-01,2026-04-01,4460.0,7771.0,0.7423766816143498,99.15213946117274,0.5978664886948859,23.0,44.0,0.9130434782608696,99.22125515345854,0.4021335113051141,,,,,,,,,,,,,,,
O_kgDOCaQaCg,tansu-io,Tansu,https://github.com/tansu-io,https://tansu.io/,Tansu is an Apache Kafka API compatible broker written in 🦀 Rust,https://avatars.githubusercontent.com/u/161749514?v=4,2026-01-01,2026-04-01,1046.0,1712.0,0.6367112810707457,98.9540412044374,1.0,5.0,6.0,-0.4,,,,,,,,,,,,,56.0,223.0,-0.777,,
MDEyOk9yZ2FuaXphdGlvbjI1NzQ3OTY4,doyensec,Doyensec,https://github.com/doyensec,https://doyensec.com,"Doyensec works at the intersection of software development and offensive engineering. We discover vulnerabilities others cannot, and help mitigate the risk.",https://avatars.githubusercontent.com/u/25747968?v=4,2026-01-01,2026-04-01,5576.0,5658.0,0.0147058823529411,41.82250396196513,0.3195089037827086,27.0,27.0,0.0,17.951213925790196,0.0661655674556479,2824.0,6472.0,1.291784702549575,31.412639405204462,0.0618531378066071,810.0,50041.0,49.041,99.72047519217332,0.5524723909550362,,,,,
O_kgDOC276fQ,agentjido,agentjido,https://github.com/agentjido,,,https://avatars.githubusercontent.com/u/191822461?v=4,2026-01-01,2026-04-01,1184.0,2234.0,0.8868243243243243,99.31061806656102,0.3327279499157413,45.0,88.0,0.9555555555555556,99.26706367384334,0.6672720500842588,,,,,,,,,,,,,,,
MDEyOk9yZ2FuaXphdGlvbjU3NzMzNjE0,rivet-dev,Rivet,https://github.com/rivet-dev,https://rivet.dev,Helping developers build and scale stateful workloads,https://avatars.githubusercontent.com/u/57733614?v=4,2026-01-01,2026-04-01,6239.0,8512.0,0.3643212053213656,97.85261489698892,0.470832424898622,23.0,38.0,0.6521739130434783,98.83760879523592,0.2766791610397429,1343.0,69407.0,50.680565897244975,99.21933085501858,0.2524884140616351,,,,,,1130.0,122.0,-0.8920353982300885,,
O_kgDODHRw6Q,53AI,53AI,https://github.com/53AI,https://www.53ai.com,53AI,https://avatars.githubusercontent.com/u/208957673?v=4,2026-01-01,2026-04-01,5589.0,9067.0,0.622293791375917,98.93026941362916,1.0,2.0,6.0,-0.4,,,687.0,389.0,-0.611,,,,,,,,,,,,
MDEyOk9yZ2FuaXphdGlvbjE4MzYyMDM1,vusec,VUSec,https://github.com/vusec,,,https://avatars.githubusercontent.com/u/18362035?v=4,2026-01-01,2026-04-01,1055.0,1710.0,0.6208530805687204,98.92234548335976,1.0,,,,,,,,,,,,,,,,,,,,
O_kgDOBhO7QQ,sei-protocol,sei-protocol,https://github.com/sei-protocol,,,https://avatars.githubusercontent.com/u/101956417?v=4,2026-01-01,2026-04-01,2816.0,3059.0,0.0862926136363636,87.58320126782884,0.3437777038446983,49.0,132.0,1.6938775510204085,99.65643609711408,0.6562222961553016,,,,,,,,,,,,,,,
O_kgDOB2PNrQ,plastic-labs,Plastic Labs,https://github.com/plastic-labs,plasticlabs.ai,Building at the intersection of human & machine learning. ,https://avatars.githubusercontent.com/u/123981229?v=4,2026-01-01,2026-04-01,1547.0,2257.0,0.4589528118939883,98.39936608557844,0.3111040913079498,14.0,19.0,0.3571428571428571,97.25148877691252,0.1781669000957718,285.0,3755.0,2.755,81.78438661710037,0.0913450683685556,48.0,45469.0,44.469,99.58071278825996,0.4193839402277228,,,,,
O_kgDODS-KfQ,buildermethods,Builder Methods,https://github.com/buildermethods,https://buildermethods.com,,https://avatars.githubusercontent.com/u/221219453?v=4,2026-01-01,2026-04-01,3536.0,5759.0,0.6286764705882353,98.946117274168,0.965618046119145,15.0,15.0,0.0,17.951213925790196,0.0343819538808549,,,,,,,,,,,,,,,
O_kgDOBrD61Q,codeforreal1,Code For Real,https://github.com/codeforreal1,,,https://avatars.githubusercontent.com/u/112261845?v=4,2026-01-01,2026-04-01,1566.0,2513.0,0.6047254150702427,98.89857369255152,1.0,4.0,4.0,-0.6,,,,,,,,,,,,,,,,,
O_kgDODZdSyg,gemini-cli-extensions,Gemini CLI Extensions,https://github.com/gemini-cli-extensions,,Google Extensions for Gemini CLI,https://avatars.githubusercontent.com/u/228020938?v=4,2026-01-01,2026-04-01,3498.0,7094.0,1.0280160091480846,99.39778129952457,0.4712463402113119,44.0,67.0,0.5227272727272727,98.40815391662848,0.4067927395510307,2695.0,10118.0,2.7543599257884974,81.74721189591078,0.1132564041252552,,,,,,29.0,2184.0,1.184,11.558441558441558,0.0087045161124022
O_kgDODgA85Q,Alibaba-Quark,Alibaba-Quark,https://github.com/Alibaba-Quark,,,https://avatars.githubusercontent.com/u/234896613?v=4,2026-01-01,2026-04-01,1115.0,1778.0,0.5946188340807175,98.86687797147384,1.0,1.0,2.0,-0.8,,,,,,,,,,,,,,,,,
MDEyOk9yZ2FuaXphdGlvbjI4MDc4ODcz,loadingio,Loading.io,https://github.com/loadingio,https://loading.io/,online animated image generation service,https://avatars.githubusercontent.com/u/28078873?v=4,2026-01-01,2026-04-01,2198.0,2345.0,0.0668789808917197,83.11410459587955,0.4716910008434174,1.0,1.0,-0.9,,,788.0,38714.0,37.714,99.03345724907064,0.5283089991565825,,,,,,,,,,
MDEyOk9yZ2FuaXphdGlvbjQ2ODE5NA==,OpenMind,OpenMind,https://github.com/OpenMind,https://openmind.org,,https://avatars.githubusercontent.com/u/468194?v=4,2026-01-01,2026-04-01,2318.0,2696.0,0.1630716134598792,94.2472266244057,0.3451632986271952,45.0,114.0,1.5333333333333334,99.61062757672929,0.6548367013728047,,,,,,,,,,,,,,,
O_kgDOD36Ubw,osaurus-ai,Osaurus,https://github.com/osaurus-ai,https://osaurus.ai,AI edge infrastructure for macOS,https://avatars.githubusercontent.com/u/259953775?v=4,2026-01-01,2026-04-01,2823.0,4477.0,0.5859015232022671,98.81933438985736,0.995840774327996,5.0,10.0,0.0,17.951213925790196,0.0041592256720038,1.0,1.0,-0.999,,,,,,,,,,,,
O_kgDOCyGprw,aiming-lab,AIMING Lab,https://github.com/aiming-lab,,"AIMING Lab @ UNC-Chapel Hill. AIMING stands for Adaptive Intelligence through Alignment, Interaction and Learning.",https://avatars.githubusercontent.com/u/186755503?v=4,2026-01-01,2026-04-01,9824.0,17471.0,0.7783998371335505,99.19968304278922,0.6237250290077677,35.0,50.0,0.4285714285714285,97.90998625744388,0.3762749709922323,,,,,,196.0,356.0,-0.644,,,,,,,
MDEyOk9yZ2FuaXphdGlvbjI5Nzg1MjEw,gojek,Gojek,https://github.com/gojek,https://www.gojek.io,SuperApp from Southeast Asia,https://avatars.githubusercontent.com/u/29785210?v=4,2026-01-01,2026-04-01,3689.0,5273.0,0.4293846570886419,98.2646592709984,0.675008124510243,10.0,26.0,1.6,99.62207970682547,0.3249918754897571,,,,,,,,,,,,,,,
O_kgDODKoiuA,SukiSU-Ultra,SukiSU-Ultra,https://github.com/SukiSU-Ultra,https://SukiSU.org,SukiSU home,https://avatars.githubusercontent.com/u/212476600?v=4,2026-01-01,2026-04-01,4133.0,5063.0,0.2250181466247278,96.24405705229792,0.6217292795725087,7.0,31.0,2.1,99.75377920293175,0.3782707204274913,,,,,,,,,,,,,,,
O_kgDODX8zqQ,RLinf,RLinf,https://github.com/RLinf,,,https://avatars.githubusercontent.com/u/226440105?v=4,2026-01-01,2026-04-01,1933.0,2917.0,0.5090532850491464,98.6133122028526,0.4348258713395795,28.0,59.0,1.1071428571428572,99.4273934951901,0.5651741286604205,,,,,,235.0,72.0,-0.928,,,,,,,
O_kgDOEAKlOw,zenc-lang,Zen C,https://github.com/zenc-lang,,,https://avatars.githubusercontent.com/u/268608827?v=4,2026-01-01,2026-04-01,2722.0,4055.0,0.4897134459955914,98.4944532488114,0.5544878001809116,18.0,39.0,1.1666666666666667,99.4388456252863,0.4455121998190883,,,,,,,,,,,,,,,
MDEyOk9yZ2FuaXphdGlvbjI1MDE5NDA1,dart-archive,Dart Archive,https://github.com/dart-archive,https://dart.dev,Legacy projects kept around for posterity – See github.com/dart-lang for current work,https://avatars.githubusercontent.com/u/25019405?v=4,2026-01-01,2026-04-01,7624.0,13102.0,0.718520461699895,99.09667194928684,0.5008722873301232,99.0,166.0,0.6767676767676768,98.9349519010536,0.4991277126698766,,,,,,,,,,,,,,,
O_kgDODcKtdA,Decohererk,Decohererk,https://github.com/Decohererk,,,https://avatars.githubusercontent.com/u/230862196?v=4,2026-01-01,2026-04-01,1284.0,1974.0,0.5373831775700935,98.70047543581616,1.0,3.0,3.0,-0.7,,,,,,,,,,,,,,,,,
MDEyOk9yZ2FuaXphdGlvbjIyMDUwMDY2,appstract,Appstract,https://github.com/appstract,,"We build packages and tools for PHP, Laravel & Javascript.",https://avatars.githubusercontent.com/u/22050066?v=4,2026-01-01,2026-04-01,1371.0,2105.0,0.5353756382202771,98.69255150554676,1.0,,6.0,,,,,,,,,,,,,,,,,,
O_kgDOC38u0Q,TauricResearch,Tauric Research,https://github.com/TauricResearch,,Pioneering Trading Intelligence with AI Precision,https://avatars.githubusercontent.com/u/192884433?v=4,2026-01-01,2026-04-01,27415.0,43673.0,0.5930330111252964,98.85103011093504,0.8376018271963508,13.0,18.0,0.3846153846153846,97.50916170407696,0.1623981728036492,,,,,,,,,,,,,,,
MDEyOk9yZ2FuaXphdGlvbjEyMjQwODUw,AvengeMedia,Avenge Media LLC,https://github.com/AvengeMedia,https://avengemedia.net,Software and business solutions.,https://avatars.githubusercontent.com/u/12240850?v=4,2026-01-01,2026-04-01,3013.0,5333.0,0.7699966810487886,99.1917591125198,0.4401779627225901,98.0,159.0,0.6224489795918368,98.76316994961064,0.5598220372774099,,,,,,,,,,,,,,,
MDEyOk9yZ2FuaXphdGlvbjE5OTMxODky,SolaceLabs,Solace Labs,https://github.com/SolaceLabs,https://solace.dev,"Solace Labs offers community supported, open source projects.  These projects offer integration with, and ways to use, Solace products.",https://avatars.githubusercontent.com/u/19931892?v=4,2026-01-01,2026-04-01,1028.0,2598.0,1.527237354085603,99.6513470681458,0.2968532258610747,36.0,45.0,0.25,95.34470911589555,0.3505311379135578,17328.0,59271.0,2.42053324099723,74.79553903345725,0.21052384404961,48.0,5454.0,4.454,92.45283018867924,0.1420917921757573,,,,,
O_kgDODFGhlQ,LiveContainer,LiveContainer,https://github.com/LiveContainer,,,https://avatars.githubusercontent.com/u/206676373?v=4,2026-01-01,2026-04-01,4627.0,7508.0,0.6226496650097255,98.93819334389858,0.8298635697657931,20.0,21.0,0.05,63.10123683005039,0.1701364302342068,,,,,,,,,,,,,,,
O_kgDODD_v3Q,mytv-android,mytv,https://github.com/mytv-android,,mytv-android,https://avatars.githubusercontent.com/u/205516765?v=4,2026-01-01,2026-04-01,1635.0,2487.0,0.5211009174311927,98.67670364500792,1.0,2.0,2.0,-0.8,,,,,,,,,,,,,,,,,
MDEyOk9yZ2FuaXphdGlvbjEyNTAyMjk2,googlearchive,Google Archive,https://github.com/googlearchive,,"Where old projects go to retire.  All projects here are completely frozen, though feel free to fork and continue using them on your own.",https://avatars.githubusercontent.com/u/12502296?v=4,2026-01-01,2026-04-01,57527.0,87496.0,0.5209553774749248,98.6687797147385,1.0,,1.0,,,,,,,,,,,,,,,,,,
O_kgDODgaEBQ,agentclientprotocol,Agent Client Protocol (ACP),https://github.com/agentclientprotocol,https://agentclientprotocol.com/,A protocol for connecting any editor to any agent ,https://avatars.githubusercontent.com/u/235308037?v=4,2026-01-01,2026-04-01,2716.0,4340.0,0.5979381443298969,98.87480190174328,0.167787160421525,41.0,103.0,1.5121951219512195,99.59917544663308,0.2113368292537849,186336.0,3055310.0,15.39677786364417,98.47583643122675,0.2156868292869735,48115.0,1387262.0,27.832214486126983,99.09154437456324,0.2285420593777521,3065.0,121751.0,38.723001631321374,94.02597402597402,0.1766471216599644
O_kgDODObzuQ,stellarlinkco,重庆星纬智联 stellarlink.co,https://github.com/stellarlinkco,https://stellarlink.co,AI 让创造更简单。我们专注于 AI+小程序 SAAS，以 AI 驱动的增长技术让行业落地更简单。,https://avatars.githubusercontent.com/u/216462265?v=4,2026-01-01,2026-04-01,1526.0,3276.0,1.146788990825688,99.48494453248811,0.3537026311238507,298.0,391.0,0.3120805369127516,96.759047182776,0.6462973688761492,,,,,,,,,,,,,,,
MDEyOk9yZ2FuaXphdGlvbjE5MjgxMzY=,bitstadium,Bit Stadium GmbH,https://github.com/bitstadium,http:///bitstadium.com,,https://avatars.githubusercontent.com/u/1928136?v=4,2026-01-01,2026-04-01,2299.0,3477.0,0.512396694214876,98.62916006339144,1.0,,,,,,,,,,,,,,,,,,,,
O_kgDODGbUYA,amantus-ai,Amantus Machina,https://github.com/amantus-ai,https://amantus.ai,The loving machine,https://avatars.githubusercontent.com/u/208065632?v=4,2026-01-01,2026-04-01,2930.0,4634.0,0.5815699658703072,98.81141045958796,0.8790427368921748,40.0,40.0,0.0,17.951213925790196,0.1209572631078252,101.0,107.0,-0.893,,,,,,,,,,,,
MDEyOk9yZ2FuaXphdGlvbjQyMzk5OTk3,webmachinelearning,Web Machine Learning,https://github.com/webmachinelearning,https://webmachinelearning.github.io,Making Machine Learning a first-class web citizen,https://avatars.githubusercontent.com/u/42399997?v=4,2026-01-01,2026-04-01,1910.0,3750.0,0.9633507853403142,99.35023771790809,0.4785191319459553,36.0,43.0,0.1944444444444444,93.518094365552,0.4056494644763015,1425.0,5584.0,2.91859649122807,83.68029739776952,0.1158314035777429,,,,,,,,,,
O_kgDOC6cqHA,wechat-article,公众号文章工具箱,https://github.com/wechat-article,,微信公众号文章相关的一系列工具，包括文章导出，格式转换，AI训练等,https://avatars.githubusercontent.com/u/195504668?v=4,2026-01-01,2026-04-01,5396.0,8144.0,0.5092661230541141,98.62123613312204,1.0,6.0,6.0,-0.4,,,,,,,,,,,,,,,,,
O_kgDODYPFpA,MemMachine,MemMachine,https://github.com/MemMachine,,,https://avatars.githubusercontent.com/u/226739620?v=4,2026-01-01,2026-04-01,3245.0,5626.0,0.7337442218798151,99.12044374009508,0.6562249861209419,28.0,32.0,0.1428571428571428,89.88776912505726,0.3437750138790579,4.0,534.0,-0.466,,,310.0,231.0,-0.769,,,,,,,
O_kgDOChlexQ,GalaxyGeneralRobotics,Galbot,https://github.com/GalaxyGeneralRobotics,https://www.galbot.com/,北京银河通用机器人有限公司（GALBOT）成立于2023年5月，是一家专注于具身多模态大模型通用机器人研发的创新企业。致力于为全球用户提供智能机器人产品，服务于人类社会。 我们团队成员已发表100余篇国际前沿学术论文，具备世界领先的具身智能研发能力，拥有千万级销量的智能硬件产品的量产经验。 公司设有北京、深圳和苏州三地,https://avatars.githubusercontent.com/u/169434821?v=4,2026-01-01,2026-04-01,1515.0,2285.0,0.5082508250825083,98.6053882725832,1.0,4.0,8.0,-0.2,,,,,,,,,,,,,,,,,
O_kgDODsAMuw,standardagents,Standard Agents,https://github.com/standardagents,,"Creating portable, vendor-agnostic, effective AI agents for everyone",https://avatars.githubusercontent.com/u/247467195?v=4,2026-01-01,2026-04-01,2582.0,4557.0,0.7649109217660728,99.175911251981,0.5850779460432283,19.0,22.0,0.1578947368421052,91.3021071919377,0.2231381186755412,539.0,9167.0,8.167,96.6542750929368,0.1917839352812306,,,,,,,,,,
MDEyOk9yZ2FuaXphdGlvbjgzODM1OTIy,coding-minutes,Coding Minutes,https://github.com/coding-minutes,http://codingminutes.com,Affordable code learning experience for everyone!,https://avatars.githubusercontent.com/u/83835922?v=4,2026-01-01,2026-04-01,1270.0,1910.0,0.5039370078740157,98.58161648177496,1.0,3.0,3.0,-0.7,,,,,,,,,,,,,,,,,
O_kgDOCqMWYw,FireRedTeam,FireRedTeam,https://github.com/FireRedTeam,,小红书Super Intelligence部门下属基础算法实验室， Xiaohongshu Super Intelligence fundamental technology lab,https://avatars.githubusercontent.com/u/178460259?v=4,2026-01-01,2026-04-01,4473.0,7126.0,0.593114241001565,98.85895404120444,0.7026080307270715,17.0,26.0,0.5294117647058824,98.44823637196518,0.2973919692729286,,,,,,324.0,354.0,-0.646,,,,,,,
O_kgDODLZBgQ,dedicatedcode,dedicatedcode,https://github.com/dedicatedcode,,,https://avatars.githubusercontent.com/u/213270913?v=4,2026-01-01,2026-04-01,1178.0,1957.0,0.6612903225806451,99.03328050713154,0.6628202555012312,12.0,16.0,0.3333333333333333,96.97663765460376,0.3371797444987688,,,,,,,,,,,,,,,
O_kgDODO6CtQ,FluidInference,Fluid Inference,https://github.com/FluidInference,https://fluidinference.com,intelligence everywhere ,https://avatars.githubusercontent.com/u/216957621?v=4,2026-01-01,2026-04-01,1485.0,2094.0,0.4101010101010101,98.16164817749603,0.3797337763008134,23.0,47.0,1.0434782608695652,99.34722858451671,0.6202662236991867,94.0,19.0,-0.981,,,,,,,,,,,,
MDEyOk9yZ2FuaXphdGlvbjU1OTExNDQ0,OldUnreal,OldUnreal,https://github.com/OldUnreal,https://www.oldunreal.com,,https://avatars.githubusercontent.com/u/55911444?v=4,2026-01-01,2026-04-01,1661.0,2644.0,0.5918121613485852,98.8351822503962,0.7630851702368971,11.0,15.0,0.3636363636363636,97.3831882730188,0.2369148297631028,,,,,,,,,,,,,,,
MDEyOk9yZ2FuaXphdGlvbjIwOTcwMzUy,susiai,Social Universe Super Intelligence,https://github.com/susiai,susi.ai,"One day, a social media crawler gave birth to an AI module named ""SUSI"". The elder was loklak.org. Good luck SUSI, grow, learn and explore!",https://avatars.githubusercontent.com/u/20970352?v=4,2026-01-01,2026-04-01,2033.0,3043.0,0.4968027545499262,98.54199683042788,1.0,2.0,2.0,-0.8,,,,,,,,,,,,,,,,,
MDEyOk9yZ2FuaXphdGlvbjEyMzM0NTgx,tencentyun,腾讯云,https://github.com/tencentyun,https://cloud.tencent.com,本组织已停止新增仓库，存量仓库会继续维护，最新腾讯云官方代码仓库：https://github.com/TencentCloud,https://avatars.githubusercontent.com/u/12334581?v=4,2026-01-01,2026-04-01,1788.0,3406.0,0.9049217002237137,99.31854199683042,0.4778673820629046,33.0,42.0,0.2727272727272727,95.87723316536876,0.4336963136051937,54471.0,105286.0,0.9328817168768704,21.152416356877325,0.0884363043319018,,,,,,,,,,
O_kgDOB3kpqw,automazeio,Automaze,https://github.com/automazeio,https://automaze.io,CTO & Technical Co‑Founder as a Service. Passionate about building great stuff.,https://avatars.githubusercontent.com/u/125381035?v=4,2026-01-01,2026-04-01,6485.0,9703.0,0.4962220508866615,98.53407290015848,0.9968240705755672,9.0,10.0,0.0,17.951213925790196,0.0031759294244328,,,,,,,,,,,,,,,
O_kgDOC0cCOg,CodebuffAI,Codebuff,https://github.com/CodebuffAI,https://codebuff.com,Make your terminal write code for you,https://avatars.githubusercontent.com/u/189203002?v=4,2026-01-01,2026-04-01,2704.0,4343.0,0.6061390532544378,98.90649762282092,0.6507038061969959,14.0,23.0,0.6428571428571429,98.81470453504352,0.2914829136219407,2431.0,5682.0,1.337309749074455,33.048327137546465,0.0578132801810634,,,,,,,,,,
O_kgDOCvFHug,tile-ai,tile-ai,https://github.com/tile-ai,,Enabling Lightning-Fast AI Workloads Development via Tiling,https://avatars.githubusercontent.com/u/183584698?v=4,2026-01-01,2026-04-01,5116.0,6522.0,0.2748240813135262,97.04437400950872,0.3395047029398963,103.0,139.0,0.3495145631067961,97.15987173614292,0.3894849232196551,,,,,,1557.0,82011.0,51.67244701348748,99.79035639412996,0.2710103738404485,,,,,
MDEyOk9yZ2FuaXphdGlvbjQyODAxMzUz,kendryte,Kendryte,https://github.com/kendryte,https://www.kendryte.com,"Kendryte is a series of AI chips which focuses on IoT, and the 1st-gen is named K210; Presented by Canaan Inc.",https://avatars.githubusercontent.com/u/42801353?v=4,2026-01-01,2026-04-01,1877.0,2181.0,0.1619605753862546,94.16798732171156,0.4103128710002183,17.0,40.0,1.3529411764705883,99.5132844709116,0.5896871289997817,,,,,,196.0,501.0,-0.499,,,,,,,
MDEyOk9yZ2FuaXphdGlvbjM4Mjg0ODA2,vita-epfl,VITA lab at EPFL,https://github.com/vita-epfl,,Visual Intelligence for Transportation,https://avatars.githubusercontent.com/u/38284806?v=4,2026-01-01,2026-04-01,2281.0,3417.0,0.4980271810609382,98.56576862123616,0.9778070365469532,12.0,12.0,0.0,17.951213925790196,0.0221929634530467,,,,,,35.0,3.0,-0.997,,,,,,,
O_kgDOCSISxw,mixedbread-ai,Mixedbread,https://github.com/mixedbread-ai,https://www.mixedbread.com,AI Research & Development,https://avatars.githubusercontent.com/u/153227975?v=4,2026-01-01,2026-04-01,2734.0,4236.0,0.5493782004389174,98.74009508716324,0.844409951637508,11.0,14.0,0.2727272727272727,95.87723316536876,0.155590048362492,471.0,578.0,-0.422,,,,,,,,,,,,
O_kgDOCfaW5g,anthropic-experimental,Anthropic-experimental,https://github.com/anthropic-experimental,https://anthropic.com,,https://avatars.githubusercontent.com/u/167155430?v=4,2026-01-01,2026-04-01,2666.0,4145.0,0.5547636909227307,98.74801901743264,0.4658052888188582,11.0,23.0,1.0909090909090908,99.39303710490152,0.2157638345658342,4949.0,65533.0,12.241664982824814,97.76951672862454,0.3184308766153075,,,,,,,,,,
O_kgDOCk24Aw,ax-llm,Ax,https://github.com/ax-llm,,,https://avatars.githubusercontent.com/u/172865539?v=4,2026-01-01,2026-04-01,2345.0,2503.0,0.0673773987206823,83.2488114104596,0.3801206764171826,28.0,29.0,0.0357142857142857,53.813559322033896,0.2161521040017255,421.0,41078.0,40.078,99.10780669144982,0.4037272195810919,,,,,,,,,,
O_kgDOBddHEA,freemocap,The FreeMoCap Project,https://github.com/freemocap,https://freemocap.org,Free Motion Capture For Everyone,https://avatars.githubusercontent.com/u/97994512?v=4,2026-01-01,2026-04-01,4082.0,6278.0,0.5379715825575698,98.70839936608556,0.8898370220568019,13.0,14.0,0.0769230769230769,76.32844709115896,0.110162977943198,,,,,,467.0,554.0,-0.446,,,,,,,
MDEyOk9yZ2FuaXphdGlvbjY2NTcwOTE1,anomalyco,Anomaly,https://github.com/anomalyco,https://anoma.ly,For whatever you build.,https://avatars.githubusercontent.com/u/66570915?v=4,2026-01-01,2026-04-01,88005.0,181700.0,1.064655417305835,99.43740095087163,0.3604344837824463,1239.0,1756.0,0.41727199354318,97.8699038021072,0.3534155642799634,8197942.0,31853123.0,2.885502361446324,83.30855018587361,0.278446391827334,1484.0,2280.0,0.5363881401617251,20.894479385045425,0.0077035601102562,,,,,
MDEyOk9yZ2FuaXphdGlvbjgyNDQyNzE1,Free-TV,Free TV,https://github.com/Free-TV,,,https://avatars.githubusercontent.com/u/82442715?v=4,2026-01-01,2026-04-01,8863.0,15375.0,0.7347399300462597,99.1283676703645,0.6186689996798698,70.0,76.0,0.0857142857142857,79.37471369674759,0.3813310003201303,,,,,,,,,,,,,,,
MDEyOk9yZ2FuaXphdGlvbjExNTQ1OTIx,nativelibs4java,NativeLibs4Java,https://github.com/nativelibs4java,https://code.google.com/p/nativelibs4java/,,https://avatars.githubusercontent.com/u/11545921?v=4,2026-01-01,2026-04-01,1087.0,1601.0,0.4728610855565777,98.45483359746434,1.0,2.0,2.0,-0.8,,,,,,,,,,,,,,,,,
MDEyOk9yZ2FuaXphdGlvbjM1NTYwNzY3,clockworkpi,clockworkpi,https://github.com/clockworkpi,https://www.clockworkpi.com,,https://avatars.githubusercontent.com/u/35560767?v=4,2026-01-01,2026-04-01,1344.0,2022.0,0.5044642857142857,98.58954041204436,0.927768258629638,15.0,15.0,0.0,17.951213925790196,0.0722317413703621,,,,,,,,,,,,,,,
O_kgDODVdAng,LifeArchiveProject,LifeArchiveProject,https://github.com/LifeArchiveProject,,人生存档计划致力于帮助个人收集、整理和存档来自各个数字平台的生活数据，最终构建一个完整的个人数字生活档案,https://avatars.githubusercontent.com/u/223821982?v=4,2026-01-01,2026-04-01,1611.0,2354.0,0.4612042209807573,98.40729001584786,1.0,4.0,6.0,-0.4,,,,,,,,,,,,,,,,,
O_kgDOCX4_Pw,geekgeekrun,geekgeekrun,https://github.com/geekgeekrun,,,https://avatars.githubusercontent.com/u/159268671?v=4,2026-01-01,2026-04-01,1181.0,1722.0,0.458086367485182,98.39144215530902,1.0,1.0,1.0,-0.9,,,148.0,1.0,-0.999,,,,,,,,,,,,
